-------- ESTÁDIOS -----------------

insert into PROJETO.Estadio (Nome, Capacidade) values ('Estadio de Fermentelos', 11796);
insert into PROJETO.Estadio (Nome, Capacidade) values ('Estadio do Vista Alegre', 13214);
insert into PROJETO.Estadio (Nome, Capacidade) values ('Estadio de Alvarenga', 17372);
insert into PROJETO.Estadio (Nome, Capacidade) values ('Estadio do LAAC', 13881);
insert into PROJETO.Estadio (Nome, Capacidade) values ('Estadio de Brandao', 10781);
insert into PROJETO.Estadio (Nome, Capacidade) values ('Estadio de Valecambrense', 16388);
insert into PROJETO.Estadio (Nome, Capacidade) values ('Estadio do Macieirense', 8165);
insert into PROJETO.Estadio (Nome, Capacidade) values ('Estadio do Mansores', 17892);
insert into PROJETO.Estadio (Nome, Capacidade) values ('Estadio do UD Mourisquense', 8218);
insert into PROJETO.Estadio (Nome, Capacidade) values ('Estadio de Sao Roque', 12178);
insert into PROJETO.Estadio (Nome, Capacidade) values ('Estadio do Argoncilhe', 14121);
insert into PROJETO.Estadio (Nome, Capacidade) values ('Estadio de CR Antes', 13935);
insert into PROJETO.Estadio (Nome, Capacidade) values ('Estadio do Pinheirense', 6113);
insert into PROJETO.Estadio (Nome, Capacidade) values ('Estadio do Arrifanense', 11442);
insert into PROJETO.Estadio (Nome, Capacidade) values ('Estadio do ACRD Mosteiro', 7135);
insert into PROJETO.Estadio (Nome, Capacidade) values ('Estadio de EF Rui Dolores', 9879);
insert into PROJETO.Estadio (Nome, Capacidade) values ('Estadio do Calvao', 7503);
insert into PROJETO.Estadio (Nome, Capacidade) values ('Estadio do CRAC', 6578);


-------- CLUBES ----------------------

insert into PROJETO.Clube (Nome, Vitorias, Derrotas, Empates, Estadio) values ('Sporting Clube de Fermentelos ', 18, 15, 1, 'Estadio de Fermentelos');

insert into PROJETO.Clube (Nome, Vitorias, Derrotas, Empates, Estadio) values ('Sporting Clube Vista Alegre', 17, 15, 2, 'Estadio do Vista Alegre');

insert into PROJETO.Clube (Nome, Vitorias, Derrotas, Empates, Estadio) values ('Grupo Desportivo Santa Cruz de Alvarenga', 13, 17, 4, 'Estadio de Alvarenga');

insert into PROJETO.Clube (Nome, Vitorias, Derrotas, Empates, Estadio) values ('LAAC', 12, 18, 4, 'Estadio do LAAC');

insert into PROJETO.Clube (Nome, Vitorias, Derrotas, Empates, Estadio) values ('Clube Desportivo de Pacos de Brandao', 12, 16, 6, 'Estadio de Brandao');

insert into PROJETO.Clube (Nome, Vitorias, Derrotas, Empates, Estadio) values ('Associacao Desportiva Valecambrense', 11, 17, 6, 'Estadio de Valecambrense');

insert into PROJETO.Clube (Nome, Vitorias, Derrotas, Empates, Estadio) values ('Futebol Clube Macieirense', 10, 35, 9, 'Estadio do Macieirense');

insert into PROJETO.Clube (Nome, Vitorias, Derrotas, Empates, Estadio) values ('Mansores', 8, 7, 19, 'Estadio do Mansores');

insert into PROJETO.Clube (Nome, Vitorias, Derrotas, Empates, Estadio) values ('UD Mourisquense', 7, 7, 20, 'Estadio do UD Mourisquense');

insert into PROJETO.Clube (Nome, Vitorias, Derrotas, Empates, Estadio) values ('Sao Roque', 7, 10, 17, 'Estadio de Sao Roque');

insert into PROJETO.Clube (Nome, Vitorias, Derrotas, Empates, Estadio) values ('Argoncilhe', 5, 8, 21, 'Estadio do Argoncilhe');

insert into PROJETO.Clube (Nome, Vitorias, Derrotas, Empates, Estadio) values ('CR Antes', 6, 10, 18, 'Estadio de CR Antes');

insert into PROJETO.Clube (Nome, Vitorias, Derrotas, Empates, Estadio) values ('Pinheirense', 6, 11, 17, 'Estadio do Pinheirense');

insert into PROJETO.Clube (Nome, Vitorias, Derrotas, Empates, Estadio) values ('Arrifanense', 6, 12, 16, 'Estadio do Arrifanense');

insert into PROJETO.Clube (Nome, Vitorias, Derrotas, Empates, Estadio) values ('ACRD Mosteiro', 4, 10, 20, 'Estadio do ACRD Mosteiro');

insert into PROJETO.Clube (Nome, Vitorias, Derrotas, Empates, Estadio) values ('EF Rui Dolores', 3, 13, 18, 'Estadio de EF Rui Dolores');

insert into PROJETO.Clube (Nome, Vitorias, Derrotas, Empates, Estadio) values ('Calvao', 4, 16, 14, 'Estadio do Calvao');

insert into PROJETO.Clube (Nome, Vitorias, Derrotas, Empates, Estadio) values ('CRAC', 3, 16, 15, 'Estadio do CRAC');



--------------------- PESSOAS ---------------------------------

INSERT INTO PROJETO.Pessoa(NrFederacao,Nome) VALUES
 (1,'Andy Netley')
,(2,'Marlon Ambrozik')
,(3,'Griffy Graeser')
,(4,'Haydon Teffrey')
,(5,'Brockie Searle')
,(6,'Basilio Hemeret')
,(7,'Jarib MacClinton')
,(8,'Wat Defew')
,(9,'Fedora Mantha')
,(10,'Jan Westmorland')
,(11,'Norma Emilien')
,(12,'Kathi Karolovsky')
,(13,'Romona Blanchette')
,(14,'Palmer Duffy')
,(15,'Hayyim Schubbert')
,(16,'Raleigh Sterrick')
,(17,'Abdul Osmar')
,(18,'Feodora Fewell')
,(19,'Carlyn Lightbourn')
,(20,'Aldis Mossbee')
,(21,'Constance Bevington')
,(22,'Bernete Hocking')
,(23,'Shurwood Mordie')
,(24,'Wilie Elkington')
,(25,'Lucine Spurryer')
,(26,'Myrtle Jeafferson')
,(27,'Cedric Lindman')
,(28,'Beilul Sander')
,(29,'Desirae McDiarmid')
,(30,'Kermie De Beneditti')
,(31,'Kelcie Manus')
,(32,'Amalea Petrolli')
,(33,'Gael Neligan')
,(34,'Poppy O''Mahoney')
,(35,'Odette Garraway')
,(36,'Dennis Yarmouth')
,(37,'Tucky Sharville')
,(38,'Aurelie Busby')
,(39,'Ewen Robic')
,(40,'Sibelle Barthrup')
,(41,'Konstantin Lyttle')
,(42,'Berthe Parry')
,(43,'Jerrylee Drewson')
,(44,'Davidson St Pierre')
,(45,'Agata Jekel')
,(46,'Drake Slatcher')
,(47,'Elonore Blondelle')
,(48,'Georgeanne Kelleway')
,(49,'Gamaliel Nevison')
,(50,'Pen Gabey')
,(51,'Jerry Leagas')
,(52,'Ruthe Crowdy')
,(53,'Rosetta Pelos')
,(54,'Zachery Motte')
,(55,'Lura Bumby')
,(56,'Lura Iscowitz')
,(57,'Waring Grebert')
,(58,'Lisle Titley')
,(59,'Renaud Lovejoy')
,(60,'Leola Liverseege')
,(61,'Courtnay Hanham')
,(62,'Everard Ripon')
,(63,'Laurie Pragnell')
,(64,'Janeva Abade')
,(65,'Jarrett Joselovitch')
,(66,'Elmo Barritt')
,(67,'Margret Clamp')
,(68,'Dell Farnell')
,(69,'Tudor Rudwell')
,(70,'Aili Caile')
,(71,'Valle Gumley')
,(72,'Glenn McLachlan')
,(73,'Valida Storres')
,(74,'Elicia Willett')
,(75,'Heda Cabral')
,(76,'Riley Venn')
,(77,'Tonie Eeles')
,(78,'Nessie Mowson')
,(79,'Addy Tripet')
,(80,'Dirk Vowles')
,(81,'Mathilde Impy')
,(82,'Nate Valintine')
,(83,'Garrett Lundbech')
,(84,'Abbye Mungan')
,(85,'Dorita Toupe')
,(86,'Giavani Sandham')
,(87,'Warden McGuinness')
,(88,'Codie Mantram')
,(89,'Madelin Duggen')
,(90,'Mora Buckenham')
,(91,'Cthrine Anniwell')
,(92,'Shell Larratt')
,(93,'Caty Geelan')
,(94,'Dennie Bahde')
,(95,'Heinrick Morkham')
,(96,'Muffin Wyburn')
,(97,'Kurtis Halle')
,(98,'Donetta Dugmore')
,(99,'Buddie Boagey')
,(100,'Harrietta Kirsz')
,(101,'Corinne Huxtable')
,(102,'Ginny Dagwell')
,(103,'Stacee Treadger')
,(104,'Adelice Charpling')
,(105,'Essa Burgett')
,(106,'Maynord Grisewood')
,(107,'Emmy Skipsey')
,(108,'Leslie Boydon')
,(109,'Abdel Arghent')
,(110,'Maximilianus Fugere')
,(111,'Felicle Igonet')
,(112,'Carmella Blenkinsop')
,(113,'Filip Endley')
,(114,'Minnie Burnall')
,(115,'Arlin Crewe')
,(116,'Lillis Greasley')
,(117,'Ewell Rudeyeard')
,(118,'Cherye Cranham')
,(119,'Nettle Ainsbury')
,(120,'Pace Sinton')
,(121,'Amalea Templeman')
,(122,'Margi Tellenbrok')
,(123,'Hieronymus Jovasevic')
,(124,'Nil Rymell')
,(125,'Sawyere Sans')
,(126,'Ashli Kornousek')
,(127,'Carmelina Fonquernie')
,(128,'Omero Joddins')
,(129,'Goldina Pourvoieur')
,(130,'Jamima Faulks')
,(131,'Chancey Deegin')
,(132,'Dag Delaprelle')
,(133,'Aileen Cuthill')
,(134,'Martina Reyner')
,(135,'Kial Saldler')
,(136,'Suzy Belding')
,(137,'Selena Stuckes')
,(138,'Storm Skillett')
,(139,'Reggy McCloy')
,(140,'Nadeen Falloon')
,(141,'Maurise Dawes')
,(142,'Donavon Trenchard')
,(143,'Dex Sammon')
,(144,'Ginger Whitchurch')
,(145,'Christie Dodimead')
,(146,'Grissel Maria')
,(147,'Brett Piccard')
,(148,'Ferdinanda Walklate')
,(149,'Tasha Tucsell')
,(150,'Emelda Dowall')
,(151,'Sharai Martinelli')
,(152,'Phyllys Bowller')
,(153,'Carroll Letham')
,(154,'Rayshell Luto')
,(155,'Carola Embra')
,(156,'Merlina Janaszkiewicz')
,(157,'Tamas Swatten')
,(158,'Parker Mingotti')
,(159,'Cara De Lascy')
,(160,'Patty McCahill')
,(161,'Riva Coldham')
,(162,'Christyna Collopy')
,(163,'Ella Jedrych')
,(164,'Marisa Matyja')
,(165,'Archibold Stoggles')
,(166,'Malvin Phibb')
,(167,'Hedy Kenneford')
,(168,'May Simcock')
,(169,'Wrennie Missen')
,(170,'Fey Flament')
,(171,'Jillayne Rubinovici')
,(172,'Scott Whitbread')
,(173,'Jarrod Collard')
,(174,'Angelo Alkin')
,(175,'Jammal Knellen')
,(176,'Jemie Titterington')
,(177,'Gordan Northgraves')
,(178,'Regan Sabin')
,(179,'Kris Geeraert')
,(180,'Phaedra Raffin')
,(181,'Michelina Rowswell')
,(182,'Dickie Pitchford')
,(183,'Janene Rome')
,(184,'Leona Paule')
,(185,'Mabel Noirel')
,(186,'Lynnett Alvarado')
,(187,'Feodora Jeynes')
,(188,'Susie Willarton')
,(189,'Artus Sturm')
,(190,'Faythe Popland')
,(191,'Langston Morley')
,(192,'Perkin Barneville')
,(193,'Garrott Lindsley')
,(194,'Jermayne Phelit')
,(195,'Sissie Lebourn')
,(196,'Bearnard Jacquemet')
,(197,'Rayner Fernao')
,(198,'Tobi Matijasevic')
,(199,'Larine Bleything')
,(200,'Bern D''Oyley')
,(201,'Harry Debell')
,(202,'Charity Jikovsky')
,(203,'Bartolomeo Sappson')
,(204,'Levy Murkitt')
,(205,'Marjorie Gromley')
,(206,'Nike Amis')
,(207,'Lacie Walsh')
,(208,'Emanuele Badby')
,(209,'Eva Desouza')
,(210,'Salli Caldecot')
,(211,'Neile Doyley')
,(212,'Jocelyn Wellman')
,(213,'Stephannie Darter')
,(214,'Priscilla Yanshinov')
,(215,'Mercedes Blaszczak')
,(216,'Paulie Crann')
,(217,'Taryn Rundall')
,(218,'Holt Grinnov')
,(219,'Lotty Webburn')
,(220,'Krissie Speck')
,(221,'Marshal Sherbrook')
,(222,'Hannie Ashford')
,(223,'Shirl McVeigh')
,(224,'Tam Disbury')
,(225,'Gizela Bragginton')
,(226,'Earlie Besant')
,(227,'Bessie Barkhouse')
,(228,'Sergei Simonnot')
,(229,'Abran Kingescot')
,(230,'Janek Dwire')
,(231,'Gilles Guage')
,(232,'Susanne Jeyness')
,(233,'Tyrus Cheeke')
,(234,'Jessie Lloyd-Williams')
,(235,'Stefa Bain')
,(236,'Greer McCormack')
,(237,'Noella Mantz')
,(238,'Karrie Passion')
,(239,'Sonia Jenken')
,(240,'Sumner Hizir')
,(241,'Talia Lambot')
,(242,'Bendix Kibbel')
,(243,'Suellen Patrickson')
,(244,'Haroun Wheatman')
,(245,'Cammie Gypson')
,(246,'Brooke Loutheane')
,(247,'Elbertine Deeson')
,(248,'Charles MacIntosh')
,(249,'Ambros Pignon')
,(250,'Myrilla Cuvley')
,(251,'Bobbie Greensitt')
,(252,'Beitris Heijne')
,(253,'Ketti Radeliffe')
,(254,'Quincy Murrey')
,(255,'Tuck Kaming')
,(256,'Bernadene Seedhouse')
,(257,'Tamas Izatson')
,(258,'Pembroke Bazley')
,(259,'Karlan Mac Geaney')
,(260,'June Rafe')
,(261,'Kirby Champneys')
,(262,'Maressa Matanin')
,(263,'Gearalt Trewhitt')
,(264,'Anne-corinne Van Niekerk')
,(265,'Teodorico Billingham')
,(266,'Sayre Ghilardi')
,(267,'Mavis Bannard')
,(268,'Chic Posselow')
,(269,'Fred Naulty')
,(270,'Wilhelm Treadwell')
,(271,'Janek Stainer')
,(272,'Dugald Gouldthorp')
,(273,'Christopher Alsobrook')
,(274,'Amerigo Gilliver')
,(275,'Louisette Northey')
,(276,'Luciano Sutherns')
,(277,'Opal Nano')
,(278,'Cherida Munnion')
,(279,'Lorettalorna Hildred')
,(280,'Gradey Lindsell')
,(281,'Mariellen McWilliams')
,(282,'Deborah Dadswell')
,(283,'Judie Boodle')
,(284,'Billi Benduhn')
,(285,'Phoebe McFadyen')
,(286,'Cammy McGeagh')
,(287,'Carlina McBratney')
,(288,'Nessy Pimlock')
,(289,'Celestina Allchin')
,(290,'Nonnah Brandle')
,(291,'Sebastien Sibery')
,(292,'Evered Duggen')
,(293,'Toiboid Dalby')
,(294,'Clara Scneider')
,(295,'Kizzee Borthe')
,(296,'Durand Pafford')
,(297,'Serge Walduck')
,(298,'Wilden Bartak')
,(299,'Vidovic Hintze')
,(300,'Elicia Brumbye')
,(301,'Debor Kinvan')
,(302,'Georgia Weathers')
,(303,'Jesse Maystone')
,(304,'Bentley Keilty')
,(305,'Emmy Mansel')
,(306,'Pavla Moxom')
,(307,'Jervis Oxford')
,(308,'Kris Torra')
,(309,'Kurtis Dawks')
,(310,'Hector Sommerfeld')
,(311,'Giordano Favela')
,(312,'Morgan Sebastian')
,(313,'Morissa Wadham')
,(314,'Ferne Overthrow')
,(315,'Ethan Bidewell')
,(316,'Alejandro Nussey')
,(317,'Clem Francesch')
,(318,'Othelia Twede')
,(319,'Carree Radford')
,(320,'Cordelie Upfold')
,(321,'Lodovico Poveleye')
,(322,'Ali Fountaine')
,(323,'Bridie Mc Cahey')
,(324,'Nicola Wason')
,(325,'Saxon Levecque')
,(326,'Roanne Klima')
,(327,'Danya Bedell')
,(328,'Lilas Kynston')
,(329,'Corry O''Hannay')
,(330,'Tiff Clarage')
,(331,'Lanny Spivie')
,(332,'Shoshanna Penritt')
,(333,'Gavin Watterson')
,(334,'Michail Kenderdine')
,(335,'Rubi Killimister')
,(336,'Yvette Enga')
,(337,'Dierdre Edmondson')
,(338,'Che Schole')
,(339,'Javier Titmuss')
,(340,'Henri Heather')
,(341,'Noel Licence')
,(342,'Jerry Deplacido')
,(343,'Maryanne Evenden')
,(344,'Cletus Strotton')
,(345,'Nichole Kacheller')
,(346,'Leonanie Stork')
,(347,'Kylynn Benam')
,(348,'Kaye Ibbetson')
,(349,'Kim Allain')
,(350,'Shana Reitenbach')
,(351,'Hadrian Menezes')
,(352,'Cody Philippart')
,(353,'Darcy Bofield')
,(354,'Laurella Blurton')
,(355,'Rudolfo Jeavon')
,(356,'Valentin Kighly')
,(357,'Tandy Muscat')
,(358,'Kaylil Hardson')
,(359,'Cordy Bramham')
,(360,'Shari Coggins')
,(361,'Patti Elverstone')
,(362,'Jemmy Tapsfield')
,(363,'Paige Raffels')
,(364,'Dick Kampshell')
,(365,'Lenna Stranger')
,(366,'Jonell Southard')
,(367,'Eran Gouldstone')
,(368,'Monro Gainor')
,(369,'Ryon Anderl')
,(370,'Elsy Flight')
,(371,'Amandy Garnson')
,(372,'Berky Vinau')
,(373,'Katlin Pirt')
,(374,'Benton Venediktov')
,(375,'Guthrie Aubrey')
,(376,'Monique Killelea')
,(377,'Levy Ryder')
,(378,'Alyssa Spalding')
,(379,'Worth Lascell')
,(380,'Gwenni Fayter')
,(381,'Clemmie Leftwich')
,(382,'Koressa Snelle')
,(383,'Kaycee Ugolotti')
,(384,'Bria Scott')
,(385,'Mollee Swafford')
,(386,'Stephan Drance')
,(387,'Mercedes O''Brollachain')
,(388,'Elna Galloway')
,(389,'Cherye Howley')
,(390,'Flossy Olenin')
,(391,'Martyn Yankin')
,(392,'Hewet Blodget')
,(393,'Velvet Wreak')
,(394,'Beniamino Anton')
,(395,'Amalie Ethridge')
,(396,'Sibeal Ekins')
,(397,'Christyna Worham')
,(398,'Vita Troppmann')
,(399,'Josefa Alster')
,(400,'Alphonse Tomek')
,(401,'Colas Mearing')
,(402,'Kathy Place')
,(403,'Mallory Cannaway')
,(404,'Rich Kornes')
,(405,'Jemmie MacNucator')
,(406,'Karolina Shearme')
,(407,'Dix Gonnel')
,(408,'Brennen Spolton')
,(409,'Colet Cockerill')
,(410,'Ricky Lainge')
,(411,'Worden Roman')
,(412,'Amalee Bragger')
,(413,'Nedi Gouly')
,(414,'Jennica Dudny')
,(415,'Mollee Pring')
,(416,'Iggie Kuller')
,(417,'Krystle Galbreth')
,(418,'Cindelyn Myhill')
,(419,'Lusa Smalls')
,(420,'Martguerita Geggus')
,(421,'Shae Slocket')
,(422,'Reynolds Calliss')
,(423,'Muriel Attewill')
,(424,'Delora Banham')
,(425,'Norry Emtage')
,(426,'Brad Posner')
,(427,'Hollis Cockroft')
,(428,'Gertrudis Mattiuzzi')
,(429,'Fidelity Dibben')
,(430,'Rosalind Beetles')
,(431,'Calley St Ledger')
,(432,'Elihu Martinovic')
,(433,'Jamima Pail')
,(434,'Daffy Quantrell')
,(435,'Trina Guyot')
,(436,'Prinz Fenix')
,(437,'Coleen Gotthard.sf')
,(438,'Seth Bonas')
,(439,'Janith Coltart')
,(440,'Consuela Harkin')
,(441,'Hubey Bennie')
,(442,'Riobard Hardi')
,(443,'Manda Falkus')
,(444,'Hermy Wycherley')
,(445,'Trudie Lovie')
,(446,'Nerty Major')
,(447,'Wallis Raywood')
,(448,'Ebenezer Oret')
,(449,'Stearn Manford')
,(450,'Haroun Birks')
,(451,'Ludwig Ashdown')
,(452,'Maribelle Tabourier')
,(453,'Feliza Haimes')
,(454,'Nikolaus Laight')
,(455,'Janela Nassey')
,(456,'Lanette Liptrod')
,(457,'Gabbey Harback')
,(458,'Elna Gorke')
,(459,'Dougy Rigglesford')
,(460,'Enid Dedmam')
,(461,'Lenee Isakovitch')
,(462,'Bo Rushmare')
,(463,'Wait Pietrasik')
,(464,'Gus Askell')
,(465,'Emalia Portinari')
,(466,'Roby Smeeton')
,(467,'Johnathan Fivey')
,(468,'Kittie Rosenblatt')
,(469,'Jeremie Crambie')
,(470,'Mellicent Yurenin')
,(471,'Hortense Dullingham')
,(472,'Evaleen Parkey')
,(473,'Devlen Ehlerding')
,(474,'Lindie Rosenqvist')
,(475,'Oriana Rodwell')
,(476,'Stanwood Mangin')
,(477,'Brandon Ogelsby')
,(478,'Nikita Corde')
,(479,'Claiborne Thackray')
,(480,'Magdaia Radbourn')
,(481,'Hugo Grasha')
,(482,'Haley Garrals')
,(483,'Suzi Iacovaccio')
,(484,'Allegra Lanbertoni')
,(485,'Maribelle Killoran')
,(486,'Lucienne Zorzi')
,(487,'Karlee Cumming')
,(488,'Rachael Cottie')
,(489,'Desi De Giorgio')
,(490,'Dasya Venus')
,(491,'Denys Vedeniktov')
,(492,'Sabina Bohden')
,(493,'Buiron Ruilton')
,(494,'Denni Kloser')
,(495,'Silvano Trevan')
,(496,'Kai McLinden')
,(497,'Kessiah Buckmaster')
,(498,'Christie Manoelli')
,(499,'Ingeborg Carn')
,(500,'Milena MacGilpatrick')
,(501,'Eula Mulligan')
,(502,'Dasi Grummitt')
,(503,'Shaun Mohamed')
,(504,'Rosene Van Ross')
,(505,'Ichabod Langer')
,(506,'Sunshine Lysaght')
,(507,'Garrett Balmadier')
,(508,'Sherline Melato')
,(509,'Fredi Rouse')
,(510,'Evey Syratt')
,(511,'Silvio Grent')
,(512,'Montague Mitrikhin')
,(513,'Hendrika Makinson')
,(514,'Phillie Mosson')
,(515,'Chariot Drable')
,(516,'Corbett Petrichat')
,(517,'Dinnie Torvey')
,(518,'Quintus Burgh')
,(519,'Rodger Maevela')
,(520,'Derron Danhel')
,(521,'Darda Semarke')
,(522,'Katharyn Caddy')
,(523,'Aila Hannen')
,(524,'Amandi Bridgeland')
,(525,'Stace Carder')
,(526,'Solomon Gregan')
,(527,'Cortie Turpie')
,(528,'Kathe Picken')
,(529,'Hi Kingsnode')
,(530,'Corette Greenless')
,(531,'Gabriele Stedall')
,(532,'Dunn Fishpoole')
,(533,'Parnell Popescu')
,(534,'Damaris Imlach')
,(535,'Shayna Trematick')
,(536,'Christian Budge')
,(537,'Levi Timmermann')
,(538,'Mellisa Machon')
,(539,'Padraig Counihan')
,(540,'Norton Locker')
,(541,'Goldi McGrey')
,(542,'Moyra Peggram')
,(543,'Smitty Bertelet')
,(544,'Quillan Camillo')
,(545,'Harlen Stegers')
,(546,'Jeanine Ticksall')
,(547,'Ludovika Slowgrave')
,(548,'Deana Finby')
,(549,'Illa Healeas')
,(550,'Ximenes Swindon')
,(551,'Yuma Holdren')
,(552,'Arden Slimmon')
,(553,'Laverna Pedwell')
,(554,'Myrna Folcarelli')
,(555,'Wynnie Ccomini')
,(556,'Harriet Dimic')
,(557,'Lyndsie O''Dogherty')
,(558,'Kenn Binne')
,(559,'Matty Muirhead')
,(560,'Philomena Comsty')
,(561,'Coretta Clapston')
,(562,'Farrel Messitt')
,(563,'Byrle Spain-Gower')
,(564,'Evan Yakebovich')
,(565,'Dolly Yanyushkin')
,(566,'Alicia Feore')
,(567,'Marilin Sinisbury')
,(568,'Noella Vass')
,(569,'Jacqueline Enevoldsen')
,(570,'Janette Bartolomivis')
,(571,'Aviva Gehricke')
,(572,'Emmalee Ayre')
,(573,'Matty Jakubovsky')
,(574,'Berny Collinwood')
,(575,'Adler Maggiore')
,(576,'Michaelina Drissell')
,(577,'Kane Dyneley')
,(578,'Gillian Leaton')
,(579,'Chilton Scandwright')
,(580,'Merilee Knight')
,(581,'Dick Fallen')
,(582,'Davida Diaper')
,(583,'Jammie Latan')
,(584,'Cirilo Rendall')
,(585,'Bathsheba Wadham')
,(586,'Rowena Nutley')
,(587,'Tanny Grinley')
,(588,'Viv Branscomb')
,(589,'Berti Webben')
,(590,'Norina Rubee')
,(591,'Hulda Gauvin')
,(592,'Marin Sinnett')
,(593,'Noble Southerton')
,(594,'Pandora Bugge')
,(595,'Winifred Railton')
,(596,'Jaime Layne')
,(597,'Phillip Maffia')
,(598,'Debera Mullally')
,(599,'Sonni Tyre')
,(600,'Fancy Bidgod')
,(601,'Errick Botwright')
,(602,'Kathye Dobbin')
,(603,'Staffard Rogan')
,(604,'Alayne Addams')
,(605,'Robert McKnockiter')
,(606,'Ines Petrina')
,(607,'Suzie Wildey')
,(608,'Giulio Jakeman')
,(609,'Stanislas Pauel')
,(610,'Scot Laidlow')
,(611,'Jori Colson')
,(612,'Jemima Abrashkin')
,(613,'Ardelis Gehrts')
,(614,'Sollie Merriday')
,(615,'Ginger Gooderson')
,(616,'Cathleen Goundsy')
,(617,'Amby Doers')
,(618,'Bastien Davidove')
,(619,'Terrijo Klugel')
,(620,'Elisabetta Allberry')
,(621,'Guillermo Piatkowski')
,(622,'Sianna Towell')
,(623,'Doro Ginley')
,(624,'Rori Hannah')
,(625,'Port Piddletown')
,(626,'Annaliese Curnock')
,(627,'Mal Wicks')
,(628,'Caro Dyett')
,(629,'Ozzy Millmoe')
,(630,'Jaquenette Springham')
,(631,'Cleve Faustin')
,(632,'Norri Deeson')
,(633,'Chrissie Dovey')
,(634,'Fara Venton')
,(635,'Angelia Crutchfield')
,(636,'Wang Howis')
,(637,'Wallis Hayworth')
,(638,'Malynda Fallowfield')
,(639,'Allen Wallworke')
,(640,'Douglas Rogeron')
,(641,'Clayson Coughlin')
,(642,'Jacob Anney')
,(643,'Mady Kyffin')
,(644,'Moise Janas')
,(645,'Jillene Thandi')
,(646,'Marney Domange')
,(647,'Krissy Pressdee')
,(648,'Gaby O''Sirin')
,(649,'Adoree O''Cahsedy')
,(650,'Sheffield Learmount')
,(651,'Guss Tacon')
,(652,'Delmar Greenhead')
,(653,'Aubrie Wawer')
,(654,'Major Tivenan')
,(655,'Kendricks Dimitrov')
,(656,'Andree Ley')
,(657,'Hodge Kovnot')
,(658,'Marlowe Glading')
,(659,'Bobinette Jeremiah')
,(660,'Xever Vallery')
,(661,'Esma Dunston')
,(662,'Arnie Elks')
,(663,'Ollie Millins')
,(664,'Cornell Osan')
,(665,'Neville Priestnall')
,(666,'Laurie Robshaw')
,(667,'Riobard Pavinese')
,(668,'Trina Hacon')
,(669,'Gretchen Labroue')
,(670,'Sadella Lassells')
,(671,'Storm Stadden')
,(672,'Henriette Thamelt')
,(673,'Ira Szreter')
,(674,'Benito Batrop')
,(675,'Lucinda Chennells')
,(676,'Rochelle Cleeton')
,(677,'Tisha Banbrook')
,(678,'Chloris Marsters')
,(679,'Vickie Pulster')
,(680,'Lidia Channer')
,(681,'Alexia Fletham')
,(682,'Marchelle Klazenga')
,(683,'Tadd McDowall')
,(684,'Therese Carlett')
,(685,'Gaspard Colgrave')
,(686,'Whitby Frackiewicz')
,(687,'Lesly Fordyce')
,(688,'Benedetto Botley')
,(689,'Lenette Carney')
,(690,'Odo Grassi')
,(691,'Renault Arp')
,(692,'Kata Bryceson')
,(693,'Darcey Mazzia')
,(694,'Holly Heisler')
,(695,'Kenna Showte')
,(696,'Hermie Egre')
,(697,'Laura Fessler')
,(698,'Daffi Le Count')
,(699,'Brier Sheasby')
,(700,'Inger Yarnton')
,(701,'Forester Nolleau')
,(702,'Maybelle Parradye')
,(703,'Reed Brosh')
,(704,'Henrieta Scougall')
,(705,'Sayre Dines')
,(706,'Thoma Corradengo')
,(707,'Chris Astridge')
,(708,'Jodi Sacchetti')
,(709,'Loralie Kimbrey')
,(710,'Dale Preskett')
,(711,'Alix Llorente')
,(712,'Atlanta Vigneron')
,(713,'Lexis Kelloch')
,(714,'Isaiah East')
,(715,'Perkin Watting')
,(716,'Thaxter Jurasek')
,(717,'Elsie Lacer')
,(718,'Reine Salvage')
,(719,'Merna Matantsev')
,(720,'Bess Danilovich')
,(721,'Zeke M''Quhan')
,(722,'Allyn Reihm')
,(723,'Brandise Mintram')
,(724,'Gretel Boig')
,(725,'Edeline Sisse')
,(726,'Olav Matterdace')
,(727,'Xylina Cutmore')
,(728,'Christabella Omand')
,(729,'Sutherlan Gittins')
,(730,'Georgetta Baudins')
,(731,'Genny Ingamells')
,(732,'Maggie Romayn')
,(733,'Silas Floyde')
,(734,'Gordie Rook')
,(735,'Aland Bowman')
,(736,'Bea Kenway')
,(737,'Etheline Hartford')
,(738,'Crichton Houlaghan')
,(739,'Erin Runciman')
,(740,'Leone Simoni')
,(741,'Zorine Trasler')
,(742,'Leah Mattusov')
,(743,'Zachary Caesar')
,(744,'Caralie De Lorenzo')
,(745,'Kati O''Giany')
,(746,'Crysta Leyman')
,(747,'Starla Rennenbach')
,(748,'Arney Brehat')
,(749,'Fredelia Aldham')
,(750,'Ethe Scudamore')
,(751,'Fabio Jakoubek')
,(752,'Wallie Paal')
,(753,'Armand Beeby')
,(754,'Cassie Cardo')
,(755,'Janice Bilam')
,(756,'Gabe Kolodziejski')
,(757,'Christoffer Easby')
,(758,'Tilda Stone')
,(759,'Ermanno Brownjohn')
,(760,'Giana Belham')
,(761,'Richy Everett')
,(762,'Nye Wescott')
,(763,'Rosamond St. Queintain')
,(764,'Riki Wheble')
,(765,'Temple Dand')
,(766,'Antonius Frushard')
,(767,'Rafaello Wigin')
,(768,'Adaline Crebbin')
,(769,'Ermanno Sherreard')
,(770,'Cornelia Addams')
,(771,'Lou Yeliashev')
,(772,'Leo Garstan')
,(773,'Tana Mufford')
,(774,'Averyl Garrettson')
,(775,'Padraic Fisher')
,(776,'Aigneis Lundy')
,(777,'Pren Napton')
,(778,'Llywellyn Bover')
,(779,'Godwin Livett')
,(780,'Larine Snyder')
,(781,'Sampson Lello')
,(782,'Bette Freeborn')
,(783,'Pandora Bligh')
,(784,'Reid O''Cahill')
,(785,'Brigham Bullough')
,(786,'Jeramey Ivanisov')
,(787,'Goldie Scala')
,(788,'Vincenz Arguile')
,(789,'Jaimie Grinyakin')
,(790,'Aimee Chatell')
,(791,'Iain Harroway')
,(792,'Marci Palffrey')
,(793,'Lucie McCormick')
,(794,'Mort Kornalik')
,(795,'Waneta Dorgan')
,(796,'Hephzibah Weddeburn - Scrimgeour')
,(797,'Torrance Ranklin')
,(798,'Dinny Simioni')
,(799,'Candi Trenaman')
,(800,'Natka Blasik')
,(801,'Lindsy Renak')
,(802,'Felicio Rowlson')
,(803,'Hubie Swede')
,(804,'Ade Akess')
,(805,'Fair Eccleston')
,(806,'Karissa Catlin')
,(807,'Forrest Sweeny')
,(808,'Syman Corck')
,(809,'Bernarr Hagley')
,(810,'Priscella Nuemann')
,(811,'Cosetta Parchment')
,(812,'Lenore Meigh')
,(813,'Alvin Ffoulkes')
,(814,'Brigham Kleinber')
,(815,'Hakim Henriksson')
,(816,'Hammad Larrington')
,(817,'Donetta Stearnes')
,(818,'Nikolaos Balog')
,(819,'Reynold O''Hannen')
,(820,'Giulia Guiducci')
,(821,'Jory Whiffen')
,(822,'Addia Wareham')
,(823,'Gerardo Easbie')
,(824,'Irwinn Burgher')
,(825,'Julienne Pittle')
,(826,'Hedvig Twiddy')
,(827,'Joshia Tilford')
,(828,'Bernadene Klimmek')
,(829,'Tully McHenry')
,(830,'Dodi Greenalf')
,(831,'Vikky Derkes')
,(832,'Trixie Dorton')
,(833,'Constantia Kettell')
,(834,'Merla Strickland')
,(835,'Kellyann Ambrogini')
,(836,'Duncan Grundle')
,(837,'Blondelle Kirlin')
,(838,'Nadeen Heijne')
,(839,'Alicia O''Shiels')
,(840,'Baxy Pettyfer')
,(841,'Ruttger Hortop')
,(842,'Blancha Lyptratt')
,(843,'Richardo Grist')
,(844,'Mersey Southerill')
,(845,'Nikola Beattie')
,(846,'Wyatan Edgson')
,(847,'Rodd Janeczek')
,(848,'Filippo Dannell')
,(849,'Tootsie Jertz')
,(850,'Siusan Baggott')
,(851,'Thurstan Boreland')
,(852,'Austin Colman')
,(853,'Chen Lawlance')
,(854,'Marleah Pautard')
,(855,'Kelby McMoyer')
,(856,'Salvatore Attwoull')
,(857,'Dottie Sivell')
,(858,'Janeta Codner')
,(859,'Bruce Perks')
,(860,'Miner Streader')
,(861,'Brandon Carrivick')
,(862,'Mariel Ricardin')
,(863,'Syman Ealles')
,(864,'Tonya Thake')
,(865,'Margalo Milverton')
,(866,'Shandy Callacher')
,(867,'Goldina Faucherand')
,(868,'Vonnie Hubberstey')
,(869,'Valera Gerhold')
,(870,'Bryn Grass')
,(871,'Bord Nuscha')
,(872,'Rhona Muffen')
,(873,'Nedi Girt')
,(874,'Cariotta Ricarde')
,(875,'Pebrook Skidmore')
,(876,'Jim Strathman')
,(877,'Jordanna Gilluley')
,(878,'Arlyn Proswell')
,(879,'Orton Chaplain')
,(880,'Rupert Epps')
,(881,'Ivette Ucceli')
,(882,'Hillary Feek')
,(883,'Marlene Gaddesby')
,(884,'Walt Huntingford')
,(885,'Zora Rickersey')
,(886,'Dorise Roxburch')
,(887,'Philly Beneix')
,(888,'Daryn Iacobucci')
,(889,'Letizia Kibbee')
,(890,'Demetria Daggett')
,(891,'Eirena Beswick')
,(892,'Jody Dilleway')
,(893,'Teddie Franses')
,(894,'Ritchie Wernham')
,(895,'Davina Harman')
,(896,'Jackelyn Pittendreigh')
,(897,'Cyndie Dobney')
,(898,'Rita Toupe')
,(899,'Colet Ast')
,(900,'Ilsa Bratton')
,(901,'Augustine Coplestone')
,(902,'Elke Allatt')
,(903,'Almeria Cutforth')
,(904,'Lemmy Brockie')
,(905,'Emlynn Culham')
,(906,'Van Guthrum')
,(907,'Arlie Ruby')
,(908,'Emilio Arno')
,(909,'Dyann Utterson')
,(910,'Markus Bottrill')
,(911,'Filberte Avramov')
,(912,'Terry Woolvett')
,(913,'Alford Dunridge')
,(914,'Paco Camocke')
,(915,'Elli Daglish')
,(916,'Dannel Exall')
,(917,'Randolph Dougharty')
,(918,'Jamil Blakeley')
,(919,'Tomasine Bogies')
,(920,'Sal Garralts')
,(921,'Tim Bravey')
,(922,'Dugald Laise')
,(923,'Marrissa Locksley')
,(924,'Aldis Haycox')
,(925,'Adella Dellenbroker')
,(926,'Aila Hamfleet')
,(927,'Bobbye Shevlin')
,(928,'Tommi Choppen')
,(929,'Valery Mecco')
,(930,'Teresina Jeannon')
,(931,'Sinclare Kenner')
,(932,'Phedra McCandie')
,(933,'Norrie Dorre')
,(934,'Jeni Haking')
,(935,'Keelia Givens')
,(936,'Marney Douberday')
,(937,'Gusella Beddoes')
,(938,'Enrique Dyka')
,(939,'Llewellyn Engelmann')
,(940,'Shaun Daingerfield')
,(941,'Izzy MacIan')
,(942,'Husein Plitz')
,(943,'Devan Norcliffe')
,(944,'Koo Gyenes')
,(945,'Katie Kolinsky')
,(946,'Julietta Marnane')
,(947,'Roley Chalk')
,(948,'Kyle Daye')
,(949,'Emlyn Spring')
,(950,'Cary de Cullip')
,(951,'Josey Berlin')
,(952,'Jill Barczynski')
,(953,'Issie Bruneau')
,(954,'Connie Rimmington')
,(955,'Winifield Fockes')
,(956,'Trudie Ebbitt')
,(957,'Carlene Spadaro')
,(958,'Giffie Benoiton')
,(959,'Karoly Ligerton')
,(960,'Filide Gorriessen')
,(961,'Oren Dusting')
,(962,'Fidela Scriviner')
,(963,'Yasmeen Spilstead')
,(964,'Giovanni Alexsandrovich')
,(965,'Alanson Yegorkov')
,(966,'Isac Pape')
,(967,'Wat Pinchon')
,(968,'Winne Deviney')
,(969,'Ailis Hovenden')
,(970,'Stormy Dobkin')
,(971,'Alisander Rofe')
,(972,'Livvy Strelitzer')
,(973,'Ernest Kuhne')
,(974,'Ivan Marciskewski')
,(975,'Teodoor Readshall')
,(976,'Padraig Reaman')
,(977,'Benny Donwell')
,(978,'Even Hegarty')
,(979,'Gregoire Apple')
,(980,'Fern Gridley')
,(981,'Marley Hudghton')
,(982,'Saudra Serjeantson')
,(983,'Robenia MacKerley')
,(984,'Hastie Robertot')
,(985,'Melva Geeraert')
,(986,'Barnabas Capell')
,(987,'Erek Escoffrey')
,(988,'Cara Thornhill')
,(989,'Wakefield Ullyatt')
,(990,'Brander Bestwall')
,(991,'Melany Lamprey')
,(992,'Winifred Playford')
,(993,'Winslow Epdell')
,(994,'Fin Headech')
,(995,'Hamnet Tomney')
,(996,'Maure Neising')
,(997,'Ingmar Pinches')
,(998,'Goran Hardington')
,(999,'Karen Louisot')
,(1000,'Joni McGilben');


--------------------- Arbitros --------------------------------------

insert into PROJETO.Arbitro (NrFederacao) values (56);
insert into PROJETO.Arbitro (NrFederacao) values (57);
insert into PROJETO.Arbitro (NrFederacao) values (58);
insert into PROJETO.Arbitro (NrFederacao) values (59);
insert into PROJETO.Arbitro (NrFederacao) values (60);
insert into PROJETO.Arbitro (NrFederacao) values (61);
insert into PROJETO.Arbitro (NrFederacao) values (62);
insert into PROJETO.Arbitro (NrFederacao) values (63);
insert into PROJETO.Arbitro (NrFederacao) values (64);
insert into PROJETO.Arbitro (NrFederacao) values (65);
insert into PROJETO.Arbitro (NrFederacao) values (66);
insert into PROJETO.Arbitro (NrFederacao) values (67);
insert into PROJETO.Arbitro (NrFederacao) values (68);
insert into PROJETO.Arbitro (NrFederacao) values (69);
insert into PROJETO.Arbitro (NrFederacao) values (70);
insert into PROJETO.Arbitro (NrFederacao) values (71);
insert into PROJETO.Arbitro (NrFederacao) values (72);
insert into PROJETO.Arbitro (NrFederacao) values (73);
insert into PROJETO.Arbitro (NrFederacao) values (74);
insert into PROJETO.Arbitro (NrFederacao) values (75);
insert into PROJETO.Arbitro (NrFederacao) values (76);
insert into PROJETO.Arbitro (NrFederacao) values (77);
insert into PROJETO.Arbitro (NrFederacao) values (78);
insert into PROJETO.Arbitro (NrFederacao) values (79);
insert into PROJETO.Arbitro (NrFederacao) values (80);
insert into PROJETO.Arbitro (NrFederacao) values (81);
insert into PROJETO.Arbitro (NrFederacao) values (82);
insert into PROJETO.Arbitro (NrFederacao) values (83);
insert into PROJETO.Arbitro (NrFederacao) values (84);
insert into PROJETO.Arbitro (NrFederacao) values (85);
insert into PROJETO.Arbitro (NrFederacao) values (86);
insert into PROJETO.Arbitro (NrFederacao) values (87);
insert into PROJETO.Arbitro (NrFederacao) values (88);
insert into PROJETO.Arbitro (NrFederacao) values (89);
insert into PROJETO.Arbitro (NrFederacao) values (90);
insert into PROJETO.Arbitro (NrFederacao) values (91);
insert into PROJETO.Arbitro (NrFederacao) values (92);
insert into PROJETO.Arbitro (NrFederacao) values (93);
insert into PROJETO.Arbitro (NrFederacao) values (94);
insert into PROJETO.Arbitro (NrFederacao) values (95);


------------------ Árbitro de Campo ------------------------------------

insert into PROJETO.ArbitroCampo (NrFederacao) values ('56');
insert into PROJETO.ArbitroCampo (NrFederacao) values ('57');
insert into PROJETO.ArbitroCampo (NrFederacao) values ('58');
insert into PROJETO.ArbitroCampo (NrFederacao) values ('59');
insert into PROJETO.ArbitroCampo (NrFederacao) values ('60');
insert into PROJETO.ArbitroCampo (NrFederacao) values ('61');
insert into PROJETO.ArbitroCampo (NrFederacao) values ('62');
insert into PROJETO.ArbitroCampo (NrFederacao) values ('63');
insert into PROJETO.ArbitroCampo (NrFederacao) values ('64');
insert into PROJETO.ArbitroCampo (NrFederacao) values ('65');


------------------ Árbitro de Linha ------------------------------------

insert into PROJETO.ArbitroLinha (NrFederacao) values (66);
insert into PROJETO.ArbitroLinha (NrFederacao) values (67);
insert into PROJETO.ArbitroLinha (NrFederacao) values (68);
insert into PROJETO.ArbitroLinha (NrFederacao) values (69);
insert into PROJETO.ArbitroLinha (NrFederacao) values (70);
insert into PROJETO.ArbitroLinha (NrFederacao) values (71);
insert into PROJETO.ArbitroLinha (NrFederacao) values (72);
insert into PROJETO.ArbitroLinha (NrFederacao) values (73);
insert into PROJETO.ArbitroLinha (NrFederacao) values (74);
insert into PROJETO.ArbitroLinha (NrFederacao) values (75);
insert into PROJETO.ArbitroLinha (NrFederacao) values (76);
insert into PROJETO.ArbitroLinha (NrFederacao) values (77);
insert into PROJETO.ArbitroLinha (NrFederacao) values (78);
insert into PROJETO.ArbitroLinha (NrFederacao) values (79);
insert into PROJETO.ArbitroLinha (NrFederacao) values (80);
insert into PROJETO.ArbitroLinha (NrFederacao) values (81);
insert into PROJETO.ArbitroLinha (NrFederacao) values (82);
insert into PROJETO.ArbitroLinha (NrFederacao) values (83);
insert into PROJETO.ArbitroLinha (NrFederacao) values (84);
insert into PROJETO.ArbitroLinha (NrFederacao) values (85);


----------------------------------- Quarto Arbitro -------------------------------

insert into PROJETO.QuartoArbitro (NrFederacao) values (86);
insert into PROJETO.QuartoArbitro (NrFederacao) values (87);
insert into PROJETO.QuartoArbitro (NrFederacao) values (88);
insert into PROJETO.QuartoArbitro (NrFederacao) values (89);
insert into PROJETO.QuartoArbitro (NrFederacao) values (90);
insert into PROJETO.QuartoArbitro (NrFederacao) values (91);
insert into PROJETO.QuartoArbitro (NrFederacao) values (92);
insert into PROJETO.QuartoArbitro (NrFederacao) values (93);
insert into PROJETO.QuartoArbitro (NrFederacao) values (94);
insert into PROJETO.QuartoArbitro (NrFederacao) values (95);



--------------------- DIREÇÃO -----------------------------

insert into PROJETO.Direcao (Presidente, PresAssGeral, Administrador, nome_clube) values (1, 19, 37, 'Sporting Clube de Fermentelos ');
insert into PROJETO.Direcao (Presidente, PresAssGeral, Administrador, nome_clube) values (2, 20, 38, 'Sporting Clube Vista Alegre');
insert into PROJETO.Direcao (Presidente, PresAssGeral, Administrador, nome_clube) values (3, 21, 39, 'Grupo Desportivo Santa Cruz de Alvarenga');
insert into PROJETO.Direcao (Presidente, PresAssGeral, Administrador, nome_clube) values (4, 22, 40, 'LAAC');
insert into PROJETO.Direcao (Presidente, PresAssGeral, Administrador, nome_clube) values (5, 23, 41, 'Clube Desportivo de Pacos de Brandao');
insert into PROJETO.Direcao (Presidente, PresAssGeral, Administrador, nome_clube) values (6, 24, 42, 'Associacao Desportiva Valecambrense');
insert into PROJETO.Direcao (Presidente, PresAssGeral, Administrador, nome_clube) values (7, 25, 43, 'Futebol Clube Macieirense');
insert into PROJETO.Direcao (Presidente, PresAssGeral, Administrador, nome_clube) values (8, 26, 44, 'Mansores');
insert into PROJETO.Direcao (Presidente, PresAssGeral, Administrador, nome_clube) values (9, 27, 45, 'UD Mourisquense');
insert into PROJETO.Direcao (Presidente, PresAssGeral, Administrador, nome_clube) values (10, 28, 46, 'Sao Roque');
insert into PROJETO.Direcao (Presidente, PresAssGeral, Administrador, nome_clube) values (11, 29, 47, 'Argoncilhe');
insert into PROJETO.Direcao (Presidente, PresAssGeral, Administrador, nome_clube) values (12, 30, 48, 'CR Antes');
insert into PROJETO.Direcao (Presidente, PresAssGeral, Administrador, nome_clube) values (13, 31, 49, 'Pinheirense');
insert into PROJETO.Direcao (Presidente, PresAssGeral, Administrador, nome_clube) values (14, 32, 50, 'Arrifanense');
insert into PROJETO.Direcao (Presidente, PresAssGeral, Administrador, nome_clube) values (15, 33, 51, 'ACRD Mosteiro');
insert into PROJETO.Direcao (Presidente, PresAssGeral, Administrador, nome_clube) values (16, 34, 52, 'EF Rui Dolores');
insert into PROJETO.Direcao (Presidente, PresAssGeral, Administrador, nome_clube) values (17, 35, 53, 'Calvao');
insert into PROJETO.Direcao (Presidente, PresAssGeral, Administrador, nome_clube) values (18, 36, 54, 'CRAC');

------------------------ ÉPOCA --------------------------

insert into PROJETO.Epoca (ano) values (1999);
insert into PROJETO.Epoca (ano) values (2000);
insert into PROJETO.Epoca (ano) values (2001);
insert into PROJETO.Epoca (ano) values (2002);
insert into PROJETO.Epoca (ano) values (2003);
insert into PROJETO.Epoca (ano) values (2004);
insert into PROJETO.Epoca (ano) values (2005);
insert into PROJETO.Epoca (ano) values (2006);
insert into PROJETO.Epoca (ano) values (2007);
insert into PROJETO.Epoca (ano) values (2008);
insert into PROJETO.Epoca (ano) values (2009);
insert into PROJETO.Epoca (ano) values (2010);
insert into PROJETO.Epoca (ano) values (2011);
insert into PROJETO.Epoca (ano) values (2012);
insert into PROJETO.Epoca (ano) values (2013);
insert into PROJETO.Epoca (ano) values (2014);
insert into PROJETO.Epoca (ano) values (2015);
insert into PROJETO.Epoca (ano) values (2016);
insert into PROJETO.Epoca (ano) values (2017);
insert into PROJETO.Epoca (ano) values (2018);
insert into PROJETO.Epoca (ano) values (2019);
insert into PROJETO.Epoca (ano) values (2020);


---------------------------- Equipa Arbitragem ------------------

insert into PROJETO.EquipaArbitragem (id, ArbitroCampo, ArbitroLinha1, ArbitroLinha2, QuartoArbitro) values (27, 56, 66, 76, 86);
insert into PROJETO.EquipaArbitragem (id, ArbitroCampo, ArbitroLinha1, ArbitroLinha2, QuartoArbitro) values (12, 57, 67, 77, 87);
insert into PROJETO.EquipaArbitragem (id, ArbitroCampo, ArbitroLinha1, ArbitroLinha2, QuartoArbitro) values (34, 58, 68, 78, 88);
insert into PROJETO.EquipaArbitragem (id, ArbitroCampo, ArbitroLinha1, ArbitroLinha2, QuartoArbitro) values (90, 59, 69, 79, 89);
insert into PROJETO.EquipaArbitragem (id, ArbitroCampo, ArbitroLinha1, ArbitroLinha2, QuartoArbitro) values (65, 60, 70, 80, 90);
insert into PROJETO.EquipaArbitragem (id, ArbitroCampo, ArbitroLinha1, ArbitroLinha2, QuartoArbitro) values (8, 61, 71, 81, 91);
insert into PROJETO.EquipaArbitragem (id, ArbitroCampo, ArbitroLinha1, ArbitroLinha2, QuartoArbitro) values (13, 62, 72, 82, 92);
insert into PROJETO.EquipaArbitragem (id, ArbitroCampo, ArbitroLinha1, ArbitroLinha2, QuartoArbitro) values (42, 63, 73, 83, 93);
insert into PROJETO.EquipaArbitragem (id, ArbitroCampo, ArbitroLinha1, ArbitroLinha2, QuartoArbitro) values (30, 64, 74, 84, 94);
insert into PROJETO.EquipaArbitragem (id, ArbitroCampo, ArbitroLinha1, ArbitroLinha2, QuartoArbitro) values (60, 65, 75, 85, 95);



----------------------- GRUPOS ORGANIZADOS DE ADEPTOS -------------------------
insert into PROJETO.GrupoAdeptos (Nome, DataFundacao, clube_apoia) values ('Bruen-Mraz', '5/26/1957', 'Calvao');
insert into PROJETO.GrupoAdeptos (Nome, DataFundacao, clube_apoia) values ('Kertzmann, Rolfson and Runolfsdottir', '2/19/2001', 'EF Rui Dolores');
insert into PROJETO.GrupoAdeptos (Nome, DataFundacao, clube_apoia) values ('Cole and Sons', '4/27/2000', 'Clube Desportivo de Pacos de Brandao');
insert into PROJETO.GrupoAdeptos (Nome, DataFundacao, clube_apoia) values ('Satterfield-Tillman', '9/28/1985', 'UD Mourisquense');
insert into PROJETO.GrupoAdeptos (Nome, DataFundacao, clube_apoia) values ('Hodkiewicz Group', '2/27/1960', 'EF Rui Dolores');
insert into PROJETO.GrupoAdeptos (Nome, DataFundacao, clube_apoia) values ('Bosco LLC', '4/18/1969', 'Calvao');
insert into PROJETO.GrupoAdeptos (Nome, DataFundacao, clube_apoia) values ('Shields Group', '10/2/1987', 'EF Rui Dolores');
insert into PROJETO.GrupoAdeptos (Nome, DataFundacao, clube_apoia) values ('Wehner-Jacobson', '4/4/1971', 'Calvao');
insert into PROJETO.GrupoAdeptos (Nome, DataFundacao, clube_apoia) values ('Rau-Nienow', '4/30/1974', 'Futebol Clube Macieirense');
insert into PROJETO.GrupoAdeptos (Nome, DataFundacao, clube_apoia) values ('Heidenreich LLC', '12/2/2004', 'Sporting Clube Vista Alegre');
insert into PROJETO.GrupoAdeptos (Nome, DataFundacao, clube_apoia) values ('Hegmann, Smitham and Kovacek', '8/28/1985', 'Sao Roque');
insert into PROJETO.GrupoAdeptos (Nome, DataFundacao, clube_apoia) values ('Champlin-Hettinger', '3/30/2005', 'LAAC');
insert into PROJETO.GrupoAdeptos (Nome, DataFundacao, clube_apoia) values ('Gerlach, Carter and Lubowitz', '4/19/2013', 'Mansores');
insert into PROJETO.GrupoAdeptos (Nome, DataFundacao, clube_apoia) values ('Kiehn-Howe', '5/15/1988', 'Pinheirense');
insert into PROJETO.GrupoAdeptos (Nome, DataFundacao, clube_apoia) values ('Klocko and Sons', '2/1/2016', 'CR Antes');
insert into PROJETO.GrupoAdeptos (Nome, DataFundacao, clube_apoia) values ('Haag, Schamberger and Reichel', '10/20/1965', 'Sporting Clube de Fermentelos ');
insert into PROJETO.GrupoAdeptos (Nome, DataFundacao, clube_apoia) values ('Jerde, Feest and Cruickshank', '3/19/2005', 'Clube Desportivo de Pacos de Brandao');
insert into PROJETO.GrupoAdeptos (Nome, DataFundacao, clube_apoia) values ('Boyle, Champlin and Wunsch', '4/4/1969', 'EF Rui Dolores');
insert into PROJETO.GrupoAdeptos (Nome, DataFundacao, clube_apoia) values ('Reichert, Douglas and Rowe', '2/8/1981', 'CR Antes');
insert into PROJETO.GrupoAdeptos (Nome, DataFundacao, clube_apoia) values ('Lindgren-Morar', '12/5/2012', 'EF Rui Dolores');
insert into PROJETO.GrupoAdeptos (Nome, DataFundacao, clube_apoia) values ('Nikolaus, Kertzmann and Quigley', '9/14/2019', 'UD Mourisquense');
insert into PROJETO.GrupoAdeptos (Nome, DataFundacao, clube_apoia) values ('Boyer-Gerhold', '1/5/1973', 'Pinheirense');


----------------------------------- Jogador ------------------------------------------
insert into PROJETO.Jogador (NrFederacao, NrCamisola, Posicao, clube) values (97, 11, 'Atacante', 'UD Mourisquense');
insert into PROJETO.Jogador (NrFederacao, NrCamisola, Posicao, clube) values (98, 4, 'Medio', 'EF Rui Dolores');
insert into PROJETO.Jogador (NrFederacao, NrCamisola, Posicao, clube) values (99, 45, 'Defesa', 'Sao Roque');
insert into PROJETO.Jogador (NrFederacao, NrCamisola, Posicao, clube) values (100, 75, 'GuardaRedes', 'CR Antes');
insert into PROJETO.Jogador (NrFederacao, NrCamisola, Posicao, clube) values (101, 61, 'Medio', 'Sporting Clube de Fermentelos ');
insert into PROJETO.Jogador (NrFederacao, NrCamisola, Posicao, clube) values (102, 85, 'GuardaRedes', 'Mansores');
insert into PROJETO.Jogador (NrFederacao, NrCamisola, Posicao, clube) values (103, 5, 'GuardaRedes', 'LAAC');
insert into PROJETO.Jogador (NrFederacao, NrCamisola, Posicao, clube) values (104, 11, 'Defesa', 'Clube Desportivo de Pacos de Brandao');
insert into PROJETO.Jogador (NrFederacao, NrCamisola, Posicao, clube) values (105, 52, 'GuardaRedes', 'EF Rui Dolores');
insert into PROJETO.Jogador (NrFederacao, NrCamisola, Posicao, clube) values (106, 39, 'Defesa', 'Mansores');
insert into PROJETO.Jogador (NrFederacao, NrCamisola, Posicao, clube) values (107, 26, 'Medio', 'UD Mourisquense');
insert into PROJETO.Jogador (NrFederacao, NrCamisola, Posicao, clube) values (108, 54, 'Defesa', 'EF Rui Dolores');
insert into PROJETO.Jogador (NrFederacao, NrCamisola, Posicao, clube) values (109, 33, 'Atacante', 'Futebol Clube Macieirense');
insert into PROJETO.Jogador (NrFederacao, NrCamisola, Posicao, clube) values (110, 24, 'GuardaRedes', 'Sporting Clube Vista Alegre');
insert into PROJETO.Jogador (NrFederacao, NrCamisola, Posicao, clube) values (111, 95, 'Atacante', 'CR Antes');
insert into PROJETO.Jogador (NrFederacao, NrCamisola, Posicao, clube) values (112, 92, 'GuardaRedes', 'Calvao');
insert into PROJETO.Jogador (NrFederacao, NrCamisola, Posicao, clube) values (113, 40, 'Defesa', 'CR Antes');
insert into PROJETO.Jogador (NrFederacao, NrCamisola, Posicao, clube) values (114, 83, 'Medio', 'Clube Desportivo de Pacos de Brandao');
insert into PROJETO.Jogador (NrFederacao, NrCamisola, Posicao, clube) values (115, 39, 'Defesa', 'Mansores');
insert into PROJETO.Jogador (NrFederacao, NrCamisola, Posicao, clube) values (116, 68, 'Atacante', 'Sporting Clube Vista Alegre');
insert into PROJETO.Jogador (NrFederacao, NrCamisola, Posicao, clube) values (117, 42, 'Medio', 'UD Mourisquense');
insert into PROJETO.Jogador (NrFederacao, NrCamisola, Posicao, clube) values (118, 66, 'GuardaRedes', 'Clube Desportivo de Pacos de Brandao');
insert into PROJETO.Jogador (NrFederacao, NrCamisola, Posicao, clube) values (119, 67, 'Medio', 'EF Rui Dolores');
insert into PROJETO.Jogador (NrFederacao, NrCamisola, Posicao, clube) values (120, 52, 'GuardaRedes', 'ACRD Mosteiro');
insert into PROJETO.Jogador (NrFederacao, NrCamisola, Posicao, clube) values (121, 36, 'Medio', 'CR Antes');
insert into PROJETO.Jogador (NrFederacao, NrCamisola, Posicao, clube) values (122, 85, 'GuardaRedes', 'Argoncilhe');
insert into PROJETO.Jogador (NrFederacao, NrCamisola, Posicao, clube) values (123, 62, 'GuardaRedes', 'Calvao');
insert into PROJETO.Jogador (NrFederacao, NrCamisola, Posicao, clube) values (124, 26, 'GuardaRedes', 'Sporting Clube Vista Alegre');
insert into PROJETO.Jogador (NrFederacao, NrCamisola, Posicao, clube) values (125, 69, 'GuardaRedes', 'CR Antes');
insert into PROJETO.Jogador (NrFederacao, NrCamisola, Posicao, clube) values (126, 19, 'GuardaRedes', 'Sporting Clube Vista Alegre');
insert into PROJETO.Jogador (NrFederacao, NrCamisola, Posicao, clube) values (127, 61, 'GuardaRedes', 'ACRD Mosteiro');
insert into PROJETO.Jogador (NrFederacao, NrCamisola, Posicao, clube) values (128, 83, 'GuardaRedes', 'Argoncilhe');
insert into PROJETO.Jogador (NrFederacao, NrCamisola, Posicao, clube) values (129, 86, 'Atacante', 'LAAC');
insert into PROJETO.Jogador (NrFederacao, NrCamisola, Posicao, clube) values (130, 83, 'Atacante', 'LAAC');
insert into PROJETO.Jogador (NrFederacao, NrCamisola, Posicao, clube) values (131, 39, 'Medio', 'Sporting Clube de Fermentelos ');
insert into PROJETO.Jogador (NrFederacao, NrCamisola, Posicao, clube) values (132, 64, 'Atacante', 'Futebol Clube Macieirense');
insert into PROJETO.Jogador (NrFederacao, NrCamisola, Posicao, clube) values (133, 20, 'Atacante', 'Clube Desportivo de Pacos de Brandao');
insert into PROJETO.Jogador (NrFederacao, NrCamisola, Posicao, clube) values (134, 77, 'Atacante', 'Pinheirense');
insert into PROJETO.Jogador (NrFederacao, NrCamisola, Posicao, clube) values (135, 60, 'GuardaRedes', 'Grupo Desportivo Santa Cruz de Alvarenga');
insert into PROJETO.Jogador (NrFederacao, NrCamisola, Posicao, clube) values (136, 43, 'Medio', 'Mansores');
insert into PROJETO.Jogador (NrFederacao, NrCamisola, Posicao, clube) values (137, 60, 'Defesa', 'Sporting Clube de Fermentelos ');
insert into PROJETO.Jogador (NrFederacao, NrCamisola, Posicao, clube) values (138, 82, 'Medio', 'Sporting Clube de Fermentelos ');
insert into PROJETO.Jogador (NrFederacao, NrCamisola, Posicao, clube) values (139, 38, 'Atacante', 'Sporting Clube de Fermentelos ');
insert into PROJETO.Jogador (NrFederacao, NrCamisola, Posicao, clube) values (140, 70, 'GuardaRedes', 'Arrifanense');
insert into PROJETO.Jogador (NrFederacao, NrCamisola, Posicao, clube) values (141, 17, 'Atacante', 'Sporting Clube Vista Alegre');
insert into PROJETO.Jogador (NrFederacao, NrCamisola, Posicao, clube) values (142, 87, 'GuardaRedes', 'Sporting Clube Vista Alegre');
insert into PROJETO.Jogador (NrFederacao, NrCamisola, Posicao, clube) values (143, 10, 'Atacante', 'Argoncilhe');
insert into PROJETO.Jogador (NrFederacao, NrCamisola, Posicao, clube) values (144, 40, 'GuardaRedes', 'LAAC');
insert into PROJETO.Jogador (NrFederacao, NrCamisola, Posicao, clube) values (145, 86, 'Atacante', 'Clube Desportivo de Pacos de Brandao');
insert into PROJETO.Jogador (NrFederacao, NrCamisola, Posicao, clube) values (146, 44, 'GuardaRedes', 'ACRD Mosteiro');
insert into PROJETO.Jogador (NrFederacao, NrCamisola, Posicao, clube) values (147, 58, 'Atacante', 'Arrifanense');
insert into PROJETO.Jogador (NrFederacao, NrCamisola, Posicao, clube) values (148, 6, 'GuardaRedes', 'Mansores');
insert into PROJETO.Jogador (NrFederacao, NrCamisola, Posicao, clube) values (149, 74, 'Defesa', 'Grupo Desportivo Santa Cruz de Alvarenga');
insert into PROJETO.Jogador (NrFederacao, NrCamisola, Posicao, clube) values (150, 42, 'Atacante', 'Calvao');
insert into PROJETO.Jogador (NrFederacao, NrCamisola, Posicao, clube) values (151, 84, 'GuardaRedes', 'UD Mourisquense');
insert into PROJETO.Jogador (NrFederacao, NrCamisola, Posicao, clube) values (152, 88, 'Medio', 'Mansores');
insert into PROJETO.Jogador (NrFederacao, NrCamisola, Posicao, clube) values (153, 48, 'Medio', 'Sao Roque');
insert into PROJETO.Jogador (NrFederacao, NrCamisola, Posicao, clube) values (154, 41, 'GuardaRedes', 'CR Antes');
insert into PROJETO.Jogador (NrFederacao, NrCamisola, Posicao, clube) values (155, 65, 'Atacante', 'EF Rui Dolores');
insert into PROJETO.Jogador (NrFederacao, NrCamisola, Posicao, clube) values (156, 66, 'Defesa', 'Calvao');
insert into PROJETO.Jogador (NrFederacao, NrCamisola, Posicao, clube) values (157, 88, 'GuardaRedes', 'Sporting Clube de Fermentelos ');
insert into PROJETO.Jogador (NrFederacao, NrCamisola, Posicao, clube) values (158, 4, 'Atacante', 'Clube Desportivo de Pacos de Brandao');
insert into PROJETO.Jogador (NrFederacao, NrCamisola, Posicao, clube) values (159, 13, 'Atacante', 'CR Antes');
insert into PROJETO.Jogador (NrFederacao, NrCamisola, Posicao, clube) values (160, 37, 'Atacante', 'Sporting Clube Vista Alegre');
insert into PROJETO.Jogador (NrFederacao, NrCamisola, Posicao, clube) values (161, 12, 'Atacante', 'Arrifanense');
insert into PROJETO.Jogador (NrFederacao, NrCamisola, Posicao, clube) values (162, 77, 'Medio', 'UD Mourisquense');
insert into PROJETO.Jogador (NrFederacao, NrCamisola, Posicao, clube) values (163, 63, 'Defesa', 'Arrifanense');
insert into PROJETO.Jogador (NrFederacao, NrCamisola, Posicao, clube) values (164, 78, 'Defesa', 'Associacao Desportiva Valecambrense');
insert into PROJETO.Jogador (NrFederacao, NrCamisola, Posicao, clube) values (165, 23, 'Defesa', 'Sao Roque');
insert into PROJETO.Jogador (NrFederacao, NrCamisola, Posicao, clube) values (166, 23, 'GuardaRedes', 'Arrifanense');
insert into PROJETO.Jogador (NrFederacao, NrCamisola, Posicao, clube) values (167, 83, 'Medio', 'CR Antes');
insert into PROJETO.Jogador (NrFederacao, NrCamisola, Posicao, clube) values (168, 8, 'Atacante', 'Argoncilhe');
insert into PROJETO.Jogador (NrFederacao, NrCamisola, Posicao, clube) values (169, 66, 'Defesa', 'CRAC');
insert into PROJETO.Jogador (NrFederacao, NrCamisola, Posicao, clube) values (170, 95, 'Medio', 'Mansores');
insert into PROJETO.Jogador (NrFederacao, NrCamisola, Posicao, clube) values (171, 39, 'GuardaRedes', 'Futebol Clube Macieirense');
insert into PROJETO.Jogador (NrFederacao, NrCamisola, Posicao, clube) values (172, 42, 'GuardaRedes', 'Grupo Desportivo Santa Cruz de Alvarenga');
insert into PROJETO.Jogador (NrFederacao, NrCamisola, Posicao, clube) values (173, 56, 'Atacante', 'CR Antes');
insert into PROJETO.Jogador (NrFederacao, NrCamisola, Posicao, clube) values (174, 71, 'GuardaRedes', 'Argoncilhe');
insert into PROJETO.Jogador (NrFederacao, NrCamisola, Posicao, clube) values (175, 98, 'Atacante', 'Sporting Clube Vista Alegre');
insert into PROJETO.Jogador (NrFederacao, NrCamisola, Posicao, clube) values (176, 24, 'Defesa', 'Clube Desportivo de Pacos de Brandao');
insert into PROJETO.Jogador (NrFederacao, NrCamisola, Posicao, clube) values (177, 10, 'Defesa', 'Mansores');
insert into PROJETO.Jogador (NrFederacao, NrCamisola, Posicao, clube) values (178, 62, 'Medio', 'Futebol Clube Macieirense');
insert into PROJETO.Jogador (NrFederacao, NrCamisola, Posicao, clube) values (179, 2, 'Medio', 'Sporting Clube de Fermentelos ');
insert into PROJETO.Jogador (NrFederacao, NrCamisola, Posicao, clube) values (180, 63, 'Defesa', 'Pinheirense');
insert into PROJETO.Jogador (NrFederacao, NrCamisola, Posicao, clube) values (181, 8, 'Defesa', 'UD Mourisquense');
insert into PROJETO.Jogador (NrFederacao, NrCamisola, Posicao, clube) values (182, 25, 'Medio', 'Clube Desportivo de Pacos de Brandao');
insert into PROJETO.Jogador (NrFederacao, NrCamisola, Posicao, clube) values (183, 20, 'Medio', 'Argoncilhe');
insert into PROJETO.Jogador (NrFederacao, NrCamisola, Posicao, clube) values (184, 45, 'Atacante', 'EF Rui Dolores');
insert into PROJETO.Jogador (NrFederacao, NrCamisola, Posicao, clube) values (185, 95, 'Defesa', 'EF Rui Dolores');
insert into PROJETO.Jogador (NrFederacao, NrCamisola, Posicao, clube) values (186, 66, 'Atacante', 'Grupo Desportivo Santa Cruz de Alvarenga');
insert into PROJETO.Jogador (NrFederacao, NrCamisola, Posicao, clube) values (187, 21, 'GuardaRedes', 'UD Mourisquense');
insert into PROJETO.Jogador (NrFederacao, NrCamisola, Posicao, clube) values (188, 61, 'GuardaRedes', 'Argoncilhe');
insert into PROJETO.Jogador (NrFederacao, NrCamisola, Posicao, clube) values (189, 86, 'Medio', 'Pinheirense');
insert into PROJETO.Jogador (NrFederacao, NrCamisola, Posicao, clube) values (190, 84, 'Medio', 'Arrifanense');
insert into PROJETO.Jogador (NrFederacao, NrCamisola, Posicao, clube) values (191, 66, 'Defesa', 'Grupo Desportivo Santa Cruz de Alvarenga');
insert into PROJETO.Jogador (NrFederacao, NrCamisola, Posicao, clube) values (192, 27, 'Medio', 'Pinheirense');
insert into PROJETO.Jogador (NrFederacao, NrCamisola, Posicao, clube) values (193, 43, 'Medio', 'Associacao Desportiva Valecambrense');
insert into PROJETO.Jogador (NrFederacao, NrCamisola, Posicao, clube) values (194, 19, 'GuardaRedes', 'Clube Desportivo de Pacos de Brandao');
insert into PROJETO.Jogador (NrFederacao, NrCamisola, Posicao, clube) values (195, 7, 'Atacante', 'UD Mourisquense');
insert into PROJETO.Jogador (NrFederacao, NrCamisola, Posicao, clube) values (196, 49, 'Atacante', 'Sao Roque');
insert into PROJETO.Jogador (NrFederacao, NrCamisola, Posicao, clube) values (197, 58, 'Defesa', 'UD Mourisquense');
insert into PROJETO.Jogador (NrFederacao, NrCamisola, Posicao, clube) values (198, 83, 'Medio', 'CRAC');
insert into PROJETO.Jogador (NrFederacao, NrCamisola, Posicao, clube) values (199, 11, 'GuardaRedes', 'Sporting Clube de Fermentelos ');
insert into PROJETO.Jogador (NrFederacao, NrCamisola, Posicao, clube) values (200, 97, 'GuardaRedes', 'Grupo Desportivo Santa Cruz de Alvarenga');
insert into PROJETO.Jogador (NrFederacao, NrCamisola, Posicao, clube) values (201, 85, 'Medio', 'Mansores');
insert into PROJETO.Jogador (NrFederacao, NrCamisola, Posicao, clube) values (202, 96, 'GuardaRedes', 'Sporting Clube Vista Alegre');
insert into PROJETO.Jogador (NrFederacao, NrCamisola, Posicao, clube) values (203, 72, 'Medio', 'Sporting Clube de Fermentelos ');
insert into PROJETO.Jogador (NrFederacao, NrCamisola, Posicao, clube) values (204, 70, 'GuardaRedes', 'Argoncilhe');
insert into PROJETO.Jogador (NrFederacao, NrCamisola, Posicao, clube) values (205, 65, 'Medio', 'LAAC');
insert into PROJETO.Jogador (NrFederacao, NrCamisola, Posicao, clube) values (206, 52, 'Defesa', 'Pinheirense');
insert into PROJETO.Jogador (NrFederacao, NrCamisola, Posicao, clube) values (207, 54, 'GuardaRedes', 'EF Rui Dolores');
insert into PROJETO.Jogador (NrFederacao, NrCamisola, Posicao, clube) values (208, 29, 'Defesa', 'Sao Roque');
insert into PROJETO.Jogador (NrFederacao, NrCamisola, Posicao, clube) values (209, 32, 'Medio', 'Sporting Clube Vista Alegre');
insert into PROJETO.Jogador (NrFederacao, NrCamisola, Posicao, clube) values (210, 76, 'Atacante', 'Argoncilhe');
insert into PROJETO.Jogador (NrFederacao, NrCamisola, Posicao, clube) values (211, 52, 'Defesa', 'UD Mourisquense');
insert into PROJETO.Jogador (NrFederacao, NrCamisola, Posicao, clube) values (212, 86, 'GuardaRedes', 'EF Rui Dolores');
insert into PROJETO.Jogador (NrFederacao, NrCamisola, Posicao, clube) values (213, 61, 'GuardaRedes', 'Mansores');
insert into PROJETO.Jogador (NrFederacao, NrCamisola, Posicao, clube) values (214, 58, 'GuardaRedes', 'UD Mourisquense');
insert into PROJETO.Jogador (NrFederacao, NrCamisola, Posicao, clube) values (215, 39, 'Atacante', 'Arrifanense');
insert into PROJETO.Jogador (NrFederacao, NrCamisola, Posicao, clube) values (216, 4, 'Defesa', 'Calvao');
insert into PROJETO.Jogador (NrFederacao, NrCamisola, Posicao, clube) values (217, 76, 'Atacante', 'Clube Desportivo de Pacos de Brandao');
insert into PROJETO.Jogador (NrFederacao, NrCamisola, Posicao, clube) values (218, 35, 'Defesa', 'LAAC');
insert into PROJETO.Jogador (NrFederacao, NrCamisola, Posicao, clube) values (219, 9, 'Medio', 'Futebol Clube Macieirense');
insert into PROJETO.Jogador (NrFederacao, NrCamisola, Posicao, clube) values (220, 62, 'GuardaRedes', 'Sao Roque');
insert into PROJETO.Jogador (NrFederacao, NrCamisola, Posicao, clube) values (221, 79, 'Atacante', 'Argoncilhe');
insert into PROJETO.Jogador (NrFederacao, NrCamisola, Posicao, clube) values (222, 74, 'GuardaRedes', 'CRAC');
insert into PROJETO.Jogador (NrFederacao, NrCamisola, Posicao, clube) values (223, 42, 'GuardaRedes', 'Clube Desportivo de Pacos de Brandao');
insert into PROJETO.Jogador (NrFederacao, NrCamisola, Posicao, clube) values (224, 57, 'GuardaRedes', 'Sao Roque');
insert into PROJETO.Jogador (NrFederacao, NrCamisola, Posicao, clube) values (225, 23, 'Defesa', 'Sao Roque');
insert into PROJETO.Jogador (NrFederacao, NrCamisola, Posicao, clube) values (226, 36, 'Medio', 'EF Rui Dolores');
insert into PROJETO.Jogador (NrFederacao, NrCamisola, Posicao, clube) values (227, 30, 'Medio', 'Sporting Clube de Fermentelos ');
insert into PROJETO.Jogador (NrFederacao, NrCamisola, Posicao, clube) values (228, 51, 'Defesa', 'Arrifanense');
insert into PROJETO.Jogador (NrFederacao, NrCamisola, Posicao, clube) values (229, 89, 'Medio', 'CR Antes');
insert into PROJETO.Jogador (NrFederacao, NrCamisola, Posicao, clube) values (230, 19, 'Medio', 'Mansores');
insert into PROJETO.Jogador (NrFederacao, NrCamisola, Posicao, clube) values (231, 95, 'Atacante', 'UD Mourisquense');
insert into PROJETO.Jogador (NrFederacao, NrCamisola, Posicao, clube) values (232, 87, 'GuardaRedes', 'Futebol Clube Macieirense');
insert into PROJETO.Jogador (NrFederacao, NrCamisola, Posicao, clube) values (233, 43, 'Medio', 'Argoncilhe');
insert into PROJETO.Jogador (NrFederacao, NrCamisola, Posicao, clube) values (234, 23, 'Atacante', 'Futebol Clube Macieirense');
insert into PROJETO.Jogador (NrFederacao, NrCamisola, Posicao, clube) values (235, 23, 'Defesa', 'Grupo Desportivo Santa Cruz de Alvarenga');
insert into PROJETO.Jogador (NrFederacao, NrCamisola, Posicao, clube) values (236, 59, 'Atacante', 'CRAC');
insert into PROJETO.Jogador (NrFederacao, NrCamisola, Posicao, clube) values (237, 2, 'GuardaRedes', 'Sporting Clube de Fermentelos ');
insert into PROJETO.Jogador (NrFederacao, NrCamisola, Posicao, clube) values (238, 17, 'GuardaRedes', 'UD Mourisquense');
insert into PROJETO.Jogador (NrFederacao, NrCamisola, Posicao, clube) values (239, 38, 'Atacante', 'LAAC');
insert into PROJETO.Jogador (NrFederacao, NrCamisola, Posicao, clube) values (240, 84, 'Atacante', 'LAAC');
insert into PROJETO.Jogador (NrFederacao, NrCamisola, Posicao, clube) values (241, 97, 'Atacante', 'Sporting Clube de Fermentelos ');
insert into PROJETO.Jogador (NrFederacao, NrCamisola, Posicao, clube) values (242, 32, 'GuardaRedes', 'Arrifanense');
insert into PROJETO.Jogador (NrFederacao, NrCamisola, Posicao, clube) values (243, 54, 'Atacante', 'Sao Roque');
insert into PROJETO.Jogador (NrFederacao, NrCamisola, Posicao, clube) values (244, 73, 'GuardaRedes', 'Argoncilhe');
insert into PROJETO.Jogador (NrFederacao, NrCamisola, Posicao, clube) values (245, 90, 'Defesa', 'EF Rui Dolores');
insert into PROJETO.Jogador (NrFederacao, NrCamisola, Posicao, clube) values (246, 54, 'GuardaRedes', 'Arrifanense');
insert into PROJETO.Jogador (NrFederacao, NrCamisola, Posicao, clube) values (247, 32, 'Medio', 'LAAC');
insert into PROJETO.Jogador (NrFederacao, NrCamisola, Posicao, clube) values (248, 48, 'Medio', 'Grupo Desportivo Santa Cruz de Alvarenga');
insert into PROJETO.Jogador (NrFederacao, NrCamisola, Posicao, clube) values (249, 22, 'Medio', 'Calvao');
insert into PROJETO.Jogador (NrFederacao, NrCamisola, Posicao, clube) values (250, 90, 'GuardaRedes', 'Associacao Desportiva Valecambrense');
insert into PROJETO.Jogador (NrFederacao, NrCamisola, Posicao, clube) values (251, 27, 'Atacante', 'Clube Desportivo de Pacos de Brandao');
insert into PROJETO.Jogador (NrFederacao, NrCamisola, Posicao, clube) values (252, 14, 'Defesa', 'EF Rui Dolores');
insert into PROJETO.Jogador (NrFederacao, NrCamisola, Posicao, clube) values (253, 7, 'Atacante', 'Futebol Clube Macieirense');
insert into PROJETO.Jogador (NrFederacao, NrCamisola, Posicao, clube) values (254, 4, 'Atacante', 'Pinheirense');
insert into PROJETO.Jogador (NrFederacao, NrCamisola, Posicao, clube) values (255, 40, 'Defesa', 'EF Rui Dolores');
insert into PROJETO.Jogador (NrFederacao, NrCamisola, Posicao, clube) values (256, 48, 'Defesa', 'Mansores');
insert into PROJETO.Jogador (NrFederacao, NrCamisola, Posicao, clube) values (257, 37, 'Medio', 'Clube Desportivo de Pacos de Brandao');
insert into PROJETO.Jogador (NrFederacao, NrCamisola, Posicao, clube) values (258, 25, 'GuardaRedes', 'Associacao Desportiva Valecambrense');
insert into PROJETO.Jogador (NrFederacao, NrCamisola, Posicao, clube) values (259, 56, 'Defesa', 'UD Mourisquense');
insert into PROJETO.Jogador (NrFederacao, NrCamisola, Posicao, clube) values (260, 67, 'Defesa', 'Clube Desportivo de Pacos de Brandao');
insert into PROJETO.Jogador (NrFederacao, NrCamisola, Posicao, clube) values (261, 3, 'Medio', 'Mansores');
insert into PROJETO.Jogador (NrFederacao, NrCamisola, Posicao, clube) values (262, 17, 'Defesa', 'Argoncilhe');
insert into PROJETO.Jogador (NrFederacao, NrCamisola, Posicao, clube) values (263, 9, 'Defesa', 'Sporting Clube de Fermentelos ');
insert into PROJETO.Jogador (NrFederacao, NrCamisola, Posicao, clube) values (264, 8, 'Defesa', 'Grupo Desportivo Santa Cruz de Alvarenga');
insert into PROJETO.Jogador (NrFederacao, NrCamisola, Posicao, clube) values (265, 19, 'Medio', 'EF Rui Dolores');
insert into PROJETO.Jogador (NrFederacao, NrCamisola, Posicao, clube) values (266, 68, 'Medio', 'CRAC');
insert into PROJETO.Jogador (NrFederacao, NrCamisola, Posicao, clube) values (267, 62, 'GuardaRedes', 'Sporting Clube de Fermentelos ');
insert into PROJETO.Jogador (NrFederacao, NrCamisola, Posicao, clube) values (268, 15, 'Atacante', 'Sporting Clube Vista Alegre');
insert into PROJETO.Jogador (NrFederacao, NrCamisola, Posicao, clube) values (269, 92, 'GuardaRedes', 'Calvao');
insert into PROJETO.Jogador (NrFederacao, NrCamisola, Posicao, clube) values (270, 30, 'Atacante', 'Sao Roque');
insert into PROJETO.Jogador (NrFederacao, NrCamisola, Posicao, clube) values (271, 61, 'GuardaRedes', 'Pinheirense');
insert into PROJETO.Jogador (NrFederacao, NrCamisola, Posicao, clube) values (272, 5, 'Atacante', 'LAAC');
insert into PROJETO.Jogador (NrFederacao, NrCamisola, Posicao, clube) values (273, 15, 'Defesa', 'ACRD Mosteiro');
insert into PROJETO.Jogador (NrFederacao, NrCamisola, Posicao, clube) values (274, 15, 'Defesa', 'Futebol Clube Macieirense');
insert into PROJETO.Jogador (NrFederacao, NrCamisola, Posicao, clube) values (275, 97, 'Defesa', 'LAAC');
insert into PROJETO.Jogador (NrFederacao, NrCamisola, Posicao, clube) values (276, 70, 'GuardaRedes', 'Grupo Desportivo Santa Cruz de Alvarenga');
insert into PROJETO.Jogador (NrFederacao, NrCamisola, Posicao, clube) values (277, 42, 'Atacante', 'UD Mourisquense');
insert into PROJETO.Jogador (NrFederacao, NrCamisola, Posicao, clube) values (278, 16, 'Defesa', 'Argoncilhe');
insert into PROJETO.Jogador (NrFederacao, NrCamisola, Posicao, clube) values (279, 44, 'Defesa', 'Futebol Clube Macieirense');
insert into PROJETO.Jogador (NrFederacao, NrCamisola, Posicao, clube) values (280, 15, 'Atacante', 'Grupo Desportivo Santa Cruz de Alvarenga');
insert into PROJETO.Jogador (NrFederacao, NrCamisola, Posicao, clube) values (281, 52, 'Medio', 'Futebol Clube Macieirense');
insert into PROJETO.Jogador (NrFederacao, NrCamisola, Posicao, clube) values (282, 48, 'Medio', 'Pinheirense');
insert into PROJETO.Jogador (NrFederacao, NrCamisola, Posicao, clube) values (283, 34, 'Defesa', 'Arrifanense');
insert into PROJETO.Jogador (NrFederacao, NrCamisola, Posicao, clube) values (284, 76, 'Medio', 'UD Mourisquense');
insert into PROJETO.Jogador (NrFederacao, NrCamisola, Posicao, clube) values (285, 60, 'Atacante', 'Calvao');
insert into PROJETO.Jogador (NrFederacao, NrCamisola, Posicao, clube) values (286, 3, 'Medio', 'CR Antes');
insert into PROJETO.Jogador (NrFederacao, NrCamisola, Posicao, clube) values (287, 28, 'Atacante', 'EF Rui Dolores');
insert into PROJETO.Jogador (NrFederacao, NrCamisola, Posicao, clube) values (288, 80, 'Atacante', 'UD Mourisquense');
insert into PROJETO.Jogador (NrFederacao, NrCamisola, Posicao, clube) values (289, 11, 'Medio', 'CR Antes');
insert into PROJETO.Jogador (NrFederacao, NrCamisola, Posicao, clube) values (290, 87, 'Defesa', 'Clube Desportivo de Pacos de Brandao');
insert into PROJETO.Jogador (NrFederacao, NrCamisola, Posicao, clube) values (291, 62, 'Medio', 'CR Antes');
insert into PROJETO.Jogador (NrFederacao, NrCamisola, Posicao, clube) values (292, 55, 'Defesa', 'CRAC');
insert into PROJETO.Jogador (NrFederacao, NrCamisola, Posicao, clube) values (293, 48, 'Defesa', 'Sao Roque');
insert into PROJETO.Jogador (NrFederacao, NrCamisola, Posicao, clube) values (294, 73, 'Defesa', 'Argoncilhe');
insert into PROJETO.Jogador (NrFederacao, NrCamisola, Posicao, clube) values (295, 81, 'Atacante', 'Calvao');
insert into PROJETO.Jogador (NrFederacao, NrCamisola, Posicao, clube) values (296, 91, 'GuardaRedes', 'Argoncilhe');
insert into PROJETO.Jogador (NrFederacao, NrCamisola, Posicao, clube) values (297, 38, 'GuardaRedes', 'Clube Desportivo de Pacos de Brandao');
insert into PROJETO.Jogador (NrFederacao, NrCamisola, Posicao, clube) values (298, 33, 'Atacante', 'Futebol Clube Macieirense');
insert into PROJETO.Jogador (NrFederacao, NrCamisola, Posicao, clube) values (299, 10, 'Medio', 'Calvao');
insert into PROJETO.Jogador (NrFederacao, NrCamisola, Posicao, clube) values (300, 30, 'Atacante', 'Associacao Desportiva Valecambrense');
insert into PROJETO.Jogador (NrFederacao, NrCamisola, Posicao, clube) values (301, 12, 'GuardaRedes', 'Grupo Desportivo Santa Cruz de Alvarenga');
insert into PROJETO.Jogador (NrFederacao, NrCamisola, Posicao, clube) values (302, 10, 'Atacante', 'Calvao');
insert into PROJETO.Jogador (NrFederacao, NrCamisola, Posicao, clube) values (303, 65, 'Atacante', 'Futebol Clube Macieirense');
insert into PROJETO.Jogador (NrFederacao, NrCamisola, Posicao, clube) values (304, 61, 'Atacante', 'Sporting Clube Vista Alegre');
insert into PROJETO.Jogador (NrFederacao, NrCamisola, Posicao, clube) values (305, 63, 'Defesa', 'Clube Desportivo de Pacos de Brandao');
insert into PROJETO.Jogador (NrFederacao, NrCamisola, Posicao, clube) values (306, 5, 'Atacante', 'EF Rui Dolores');
insert into PROJETO.Jogador (NrFederacao, NrCamisola, Posicao, clube) values (307, 71, 'Medio', 'Associacao Desportiva Valecambrense');
insert into PROJETO.Jogador (NrFederacao, NrCamisola, Posicao, clube) values (308, 58, 'Defesa', 'Sao Roque');
insert into PROJETO.Jogador (NrFederacao, NrCamisola, Posicao, clube) values (309, 87, 'Medio', 'Sporting Clube Vista Alegre');
insert into PROJETO.Jogador (NrFederacao, NrCamisola, Posicao, clube) values (310, 14, 'Medio', 'EF Rui Dolores');
insert into PROJETO.Jogador (NrFederacao, NrCamisola, Posicao, clube) values (311, 12, 'Medio', 'ACRD Mosteiro');
insert into PROJETO.Jogador (NrFederacao, NrCamisola, Posicao, clube) values (312, 51, 'Medio', 'Clube Desportivo de Pacos de Brandao');
insert into PROJETO.Jogador (NrFederacao, NrCamisola, Posicao, clube) values (313, 68, 'Medio', 'UD Mourisquense');
insert into PROJETO.Jogador (NrFederacao, NrCamisola, Posicao, clube) values (314, 28, 'GuardaRedes', 'Calvao');
insert into PROJETO.Jogador (NrFederacao, NrCamisola, Posicao, clube) values (315, 1, 'Defesa', 'Sporting Clube Vista Alegre');
insert into PROJETO.Jogador (NrFederacao, NrCamisola, Posicao, clube) values (316, 41, 'Medio', 'Associacao Desportiva Valecambrense');
insert into PROJETO.Jogador (NrFederacao, NrCamisola, Posicao, clube) values (317, 9, 'GuardaRedes', 'Clube Desportivo de Pacos de Brandao');
insert into PROJETO.Jogador (NrFederacao, NrCamisola, Posicao, clube) values (318, 10, 'Defesa', 'Associacao Desportiva Valecambrense');
insert into PROJETO.Jogador (NrFederacao, NrCamisola, Posicao, clube) values (319, 13, 'Defesa', 'Grupo Desportivo Santa Cruz de Alvarenga');
insert into PROJETO.Jogador (NrFederacao, NrCamisola, Posicao, clube) values (320, 84, 'GuardaRedes', 'Associacao Desportiva Valecambrense');
insert into PROJETO.Jogador (NrFederacao, NrCamisola, Posicao, clube) values (321, 32, 'Atacante', 'Associacao Desportiva Valecambrense');
insert into PROJETO.Jogador (NrFederacao, NrCamisola, Posicao, clube) values (322, 49, 'Medio', 'Argoncilhe');
insert into PROJETO.Jogador (NrFederacao, NrCamisola, Posicao, clube) values (323, 13, 'Medio', 'Sao Roque');
insert into PROJETO.Jogador (NrFederacao, NrCamisola, Posicao, clube) values (324, 44, 'GuardaRedes', 'Associacao Desportiva Valecambrense');
insert into PROJETO.Jogador (NrFederacao, NrCamisola, Posicao, clube) values (325, 27, 'Atacante', 'Arrifanense');
insert into PROJETO.Jogador (NrFederacao, NrCamisola, Posicao, clube) values (326, 63, 'GuardaRedes', 'Mansores');
insert into PROJETO.Jogador (NrFederacao, NrCamisola, Posicao, clube) values (327, 34, 'GuardaRedes', 'Pinheirense');
insert into PROJETO.Jogador (NrFederacao, NrCamisola, Posicao, clube) values (328, 61, 'Atacante', 'CR Antes');
insert into PROJETO.Jogador (NrFederacao, NrCamisola, Posicao, clube) values (329, 85, 'Atacante', 'Associacao Desportiva Valecambrense');
insert into PROJETO.Jogador (NrFederacao, NrCamisola, Posicao, clube) values (330, 55, 'Atacante', 'Argoncilhe');
insert into PROJETO.Jogador (NrFederacao, NrCamisola, Posicao, clube) values (331, 37, 'Medio', 'Argoncilhe');
insert into PROJETO.Jogador (NrFederacao, NrCamisola, Posicao, clube) values (332, 58, 'Atacante', 'LAAC');
insert into PROJETO.Jogador (NrFederacao, NrCamisola, Posicao, clube) values (333, 15, 'Atacante', 'Mansores');
insert into PROJETO.Jogador (NrFederacao, NrCamisola, Posicao, clube) values (334, 84, 'GuardaRedes', 'ACRD Mosteiro');
insert into PROJETO.Jogador (NrFederacao, NrCamisola, Posicao, clube) values (335, 40, 'Defesa', 'Sao Roque');
insert into PROJETO.Jogador (NrFederacao, NrCamisola, Posicao, clube) values (336, 74, 'Medio', 'Mansores');
insert into PROJETO.Jogador (NrFederacao, NrCamisola, Posicao, clube) values (337, 74, 'GuardaRedes', 'ACRD Mosteiro');
insert into PROJETO.Jogador (NrFederacao, NrCamisola, Posicao, clube) values (338, 96, 'GuardaRedes', 'UD Mourisquense');
insert into PROJETO.Jogador (NrFederacao, NrCamisola, Posicao, clube) values (339, 60, 'Defesa', 'UD Mourisquense');
insert into PROJETO.Jogador (NrFederacao, NrCamisola, Posicao, clube) values (340, 18, 'Medio', 'CRAC');
insert into PROJETO.Jogador (NrFederacao, NrCamisola, Posicao, clube) values (341, 79, 'Atacante', 'EF Rui Dolores');
insert into PROJETO.Jogador (NrFederacao, NrCamisola, Posicao, clube) values (342, 55, 'Medio', 'Argoncilhe');
insert into PROJETO.Jogador (NrFederacao, NrCamisola, Posicao, clube) values (343, 63, 'Medio', 'Calvao');
insert into PROJETO.Jogador (NrFederacao, NrCamisola, Posicao, clube) values (344, 30, 'Atacante', 'Grupo Desportivo Santa Cruz de Alvarenga');
insert into PROJETO.Jogador (NrFederacao, NrCamisola, Posicao, clube) values (345, 83, 'Defesa', 'Pinheirense');
insert into PROJETO.Jogador (NrFederacao, NrCamisola, Posicao, clube) values (346, 21, 'Atacante', 'Clube Desportivo de Pacos de Brandao');
insert into PROJETO.Jogador (NrFederacao, NrCamisola, Posicao, clube) values (347, 49, 'Atacante', 'CR Antes');
insert into PROJETO.Jogador (NrFederacao, NrCamisola, Posicao, clube) values (348, 29, 'Medio', 'Argoncilhe');
insert into PROJETO.Jogador (NrFederacao, NrCamisola, Posicao, clube) values (349, 40, 'Defesa', 'Associacao Desportiva Valecambrense');
insert into PROJETO.Jogador (NrFederacao, NrCamisola, Posicao, clube) values (350, 94, 'Atacante', 'LAAC');
insert into PROJETO.Jogador (NrFederacao, NrCamisola, Posicao, clube) values (351, 1, 'Medio', 'Sporting Clube de Fermentelos ');
insert into PROJETO.Jogador (NrFederacao, NrCamisola, Posicao, clube) values (352, 18, 'GuardaRedes', 'LAAC');
insert into PROJETO.Jogador (NrFederacao, NrCamisola, Posicao, clube) values (353, 36, 'Medio', 'CRAC');
insert into PROJETO.Jogador (NrFederacao, NrCamisola, Posicao, clube) values (354, 55, 'GuardaRedes', 'ACRD Mosteiro');
insert into PROJETO.Jogador (NrFederacao, NrCamisola, Posicao, clube) values (355, 7, 'Defesa', 'Pinheirense');
insert into PROJETO.Jogador (NrFederacao, NrCamisola, Posicao, clube) values (356, 11, 'Defesa', 'Calvao');
insert into PROJETO.Jogador (NrFederacao, NrCamisola, Posicao, clube) values (357, 65, 'Defesa', 'Futebol Clube Macieirense');
insert into PROJETO.Jogador (NrFederacao, NrCamisola, Posicao, clube) values (358, 63, 'Medio', 'EF Rui Dolores');
insert into PROJETO.Jogador (NrFederacao, NrCamisola, Posicao, clube) values (359, 70, 'GuardaRedes', 'Futebol Clube Macieirense');
insert into PROJETO.Jogador (NrFederacao, NrCamisola, Posicao, clube) values (360, 2, 'GuardaRedes', 'Grupo Desportivo Santa Cruz de Alvarenga');
insert into PROJETO.Jogador (NrFederacao, NrCamisola, Posicao, clube) values (361, 61, 'Atacante', 'Calvao');
insert into PROJETO.Jogador (NrFederacao, NrCamisola, Posicao, clube) values (362, 31, 'Defesa', 'CRAC');
insert into PROJETO.Jogador (NrFederacao, NrCamisola, Posicao, clube) values (363, 96, 'Medio', 'Arrifanense');
insert into PROJETO.Jogador (NrFederacao, NrCamisola, Posicao, clube) values (364, 18, 'Atacante', 'Clube Desportivo de Pacos de Brandao');
insert into PROJETO.Jogador (NrFederacao, NrCamisola, Posicao, clube) values (365, 19, 'GuardaRedes', 'Calvao');
insert into PROJETO.Jogador (NrFederacao, NrCamisola, Posicao, clube) values (366, 89, 'Medio', 'Sporting Clube de Fermentelos ');
insert into PROJETO.Jogador (NrFederacao, NrCamisola, Posicao, clube) values (367, 14, 'Atacante', 'Sporting Clube de Fermentelos ');
insert into PROJETO.Jogador (NrFederacao, NrCamisola, Posicao, clube) values (368, 83, 'Atacante', 'Sporting Clube de Fermentelos ');
insert into PROJETO.Jogador (NrFederacao, NrCamisola, Posicao, clube) values (369, 97, 'Atacante', 'LAAC');
insert into PROJETO.Jogador (NrFederacao, NrCamisola, Posicao, clube) values (370, 97, 'GuardaRedes', 'EF Rui Dolores');
insert into PROJETO.Jogador (NrFederacao, NrCamisola, Posicao, clube) values (371, 30, 'Medio', 'Pinheirense');
insert into PROJETO.Jogador (NrFederacao, NrCamisola, Posicao, clube) values (372, 48, 'Atacante', 'Sporting Clube Vista Alegre');
insert into PROJETO.Jogador (NrFederacao, NrCamisola, Posicao, clube) values (373, 21, 'GuardaRedes', 'Argoncilhe');
insert into PROJETO.Jogador (NrFederacao, NrCamisola, Posicao, clube) values (374, 12, 'GuardaRedes', 'CR Antes');
insert into PROJETO.Jogador (NrFederacao, NrCamisola, Posicao, clube) values (375, 16, 'Medio', 'Pinheirense');
insert into PROJETO.Jogador (NrFederacao, NrCamisola, Posicao, clube) values (376, 82, 'GuardaRedes', 'LAAC');
insert into PROJETO.Jogador (NrFederacao, NrCamisola, Posicao, clube) values (377, 50, 'Atacante', 'Pinheirense');
insert into PROJETO.Jogador (NrFederacao, NrCamisola, Posicao, clube) values (378, 44, 'Atacante', 'Sporting Clube Vista Alegre');
insert into PROJETO.Jogador (NrFederacao, NrCamisola, Posicao, clube) values (379, 32, 'Medio', 'Mansores');
insert into PROJETO.Jogador (NrFederacao, NrCamisola, Posicao, clube) values (380, 82, 'Medio', 'Sporting Clube de Fermentelos ');
insert into PROJETO.Jogador (NrFederacao, NrCamisola, Posicao, clube) values (381, 56, 'Atacante', 'Mansores');
insert into PROJETO.Jogador (NrFederacao, NrCamisola, Posicao, clube) values (382, 6, 'Atacante', 'Futebol Clube Macieirense');
insert into PROJETO.Jogador (NrFederacao, NrCamisola, Posicao, clube) values (383, 43, 'Defesa', 'EF Rui Dolores');
insert into PROJETO.Jogador (NrFederacao, NrCamisola, Posicao, clube) values (384, 83, 'Atacante', 'EF Rui Dolores');
insert into PROJETO.Jogador (NrFederacao, NrCamisola, Posicao, clube) values (385, 81, 'GuardaRedes', 'ACRD Mosteiro');
insert into PROJETO.Jogador (NrFederacao, NrCamisola, Posicao, clube) values (386, 37, 'Defesa', 'EF Rui Dolores');
insert into PROJETO.Jogador (NrFederacao, NrCamisola, Posicao, clube) values (387, 50, 'Atacante', 'Associacao Desportiva Valecambrense');
insert into PROJETO.Jogador (NrFederacao, NrCamisola, Posicao, clube) values (388, 98, 'Medio', 'Associacao Desportiva Valecambrense');
insert into PROJETO.Jogador (NrFederacao, NrCamisola, Posicao, clube) values (389, 57, 'GuardaRedes', 'CR Antes');
insert into PROJETO.Jogador (NrFederacao, NrCamisola, Posicao, clube) values (390, 88, 'Atacante', 'Arrifanense');
insert into PROJETO.Jogador (NrFederacao, NrCamisola, Posicao, clube) values (391, 15, 'Defesa', 'Sao Roque');
insert into PROJETO.Jogador (NrFederacao, NrCamisola, Posicao, clube) values (392, 10, 'Medio', 'EF Rui Dolores');
insert into PROJETO.Jogador (NrFederacao, NrCamisola, Posicao, clube) values (393, 70, 'Medio', 'EF Rui Dolores');
insert into PROJETO.Jogador (NrFederacao, NrCamisola, Posicao, clube) values (394, 67, 'Defesa', 'Sao Roque');
insert into PROJETO.Jogador (NrFederacao, NrCamisola, Posicao, clube) values (395, 13, 'Medio', 'LAAC');
insert into PROJETO.Jogador (NrFederacao, NrCamisola, Posicao, clube) values (396, 31, 'Defesa', 'Mansores');


------------------------------- JORNADA --------------------------------------

insert into PROJETO.Jornada (NrJornada, Semana, Ano) values (1, 1, 2020);
insert into PROJETO.Jornada (NrJornada, Semana, Ano) values (2, 2, 2020);
insert into PROJETO.Jornada (NrJornada, Semana, Ano) values (3, 3, 2020);
insert into PROJETO.Jornada (NrJornada, Semana, Ano) values (4, 4, 2020);
insert into PROJETO.Jornada (NrJornada, Semana, Ano) values (5, 5, 2020);
insert into PROJETO.Jornada (NrJornada, Semana, Ano) values (6, 6, 2020);
insert into PROJETO.Jornada (NrJornada, Semana, Ano) values (7, 8, 2020);
insert into PROJETO.Jornada (NrJornada, Semana, Ano) values (8, 9, 2020);
insert into PROJETO.Jornada (NrJornada, Semana, Ano) values (9, 10, 2020);
insert into PROJETO.Jornada (NrJornada, Semana, Ano) values (10, 11, 2020);
insert into PROJETO.Jornada (NrJornada, Semana, Ano) values (11, 12, 2020);
insert into PROJETO.Jornada (NrJornada, Semana, Ano) values (12, 13, 2020);
insert into PROJETO.Jornada (NrJornada, Semana, Ano) values (13, 15, 2020);
insert into PROJETO.Jornada (NrJornada, Semana, Ano) values (14, 16, 2020);
insert into PROJETO.Jornada (NrJornada, Semana, Ano) values (15, 17, 2020);
insert into PROJETO.Jornada (NrJornada, Semana, Ano) values (16, 18, 2020);
insert into PROJETO.Jornada (NrJornada, Semana, Ano) values (17, 19, 2020);
insert into PROJETO.Jornada (NrJornada, Semana, Ano) values (18, 20, 2020);
insert into PROJETO.Jornada (NrJornada, Semana, Ano) values (19, 22, 2020);
insert into PROJETO.Jornada (NrJornada, Semana, Ano) values (20, 23, 2020);
insert into PROJETO.Jornada (NrJornada, Semana, Ano) values (21, 24, 2020);
insert into PROJETO.Jornada (NrJornada, Semana, Ano) values (22, 25, 2020);
insert into PROJETO.Jornada (NrJornada, Semana, Ano) values (23, 26, 2020);
insert into PROJETO.Jornada (NrJornada, Semana, Ano) values (24, 27, 2020);
insert into PROJETO.Jornada (NrJornada, Semana, Ano) values (25, 29, 2020);
insert into PROJETO.Jornada (NrJornada, Semana, Ano) values (26, 30, 2020);
insert into PROJETO.Jornada (NrJornada, Semana, Ano) values (27, 31, 2020);
insert into PROJETO.Jornada (NrJornada, Semana, Ano) values (28, 32, 2020);
insert into PROJETO.Jornada (NrJornada, Semana, Ano) values (29, 33, 2020);
insert into PROJETO.Jornada (NrJornada, Semana, Ano) values (30, 34, 2020);
insert into PROJETO.Jornada (NrJornada, Semana, Ano) values (31, 36, 2020);
insert into PROJETO.Jornada (NrJornada, Semana, Ano) values (32, 37, 2020);
insert into PROJETO.Jornada (NrJornada, Semana, Ano) values (33, 38, 2020);
insert into PROJETO.Jornada (NrJornada, Semana, Ano) values (34, 39, 2020);
insert into PROJETO.Jornada (NrJornada, Semana, Ano) values (35, 49, 2020);

-------------- TREINADOR ---------------------------

insert into PROJETO.Treinador (NrFederacao, ClubeTreinado) values (501, 'Sporting Clube de Fermentelos ');
insert into PROJETO.Treinador (NrFederacao, ClubeTreinado) values (502, 'Sporting Clube Vista Alegre');
insert into PROJETO.Treinador (NrFederacao, ClubeTreinado) values (503, 'Grupo Desportivo Santa Cruz de Alvarenga');
insert into PROJETO.Treinador (NrFederacao, ClubeTreinado) values (504, 'LAAC');
insert into PROJETO.Treinador (NrFederacao, ClubeTreinado) values (505, 'Clube Desportivo de Pacos de Brandao');
insert into PROJETO.Treinador (NrFederacao, ClubeTreinado) values (506, 'Associacao Desportiva Valecambrense');
insert into PROJETO.Treinador (NrFederacao, ClubeTreinado) values (507, 'Futebol Clube Macieirense');
insert into PROJETO.Treinador (NrFederacao, ClubeTreinado) values (508, 'Mansores');
insert into PROJETO.Treinador (NrFederacao, ClubeTreinado) values (509, 'UD Mourisquense');
insert into PROJETO.Treinador (NrFederacao, ClubeTreinado) values (510, 'Sao Roque');
insert into PROJETO.Treinador (NrFederacao, ClubeTreinado) values (511, 'Argoncilhe');
insert into PROJETO.Treinador (NrFederacao, ClubeTreinado) values (512, 'CR Antes');
insert into PROJETO.Treinador (NrFederacao, ClubeTreinado) values (513, 'Pinheirense');
insert into PROJETO.Treinador (NrFederacao, ClubeTreinado) values (514, 'Arrifanense');
insert into PROJETO.Treinador (NrFederacao, ClubeTreinado) values (515, 'ACRD Mosteiro');
insert into PROJETO.Treinador (NrFederacao, ClubeTreinado) values (516, 'EF Rui Dolores');
insert into PROJETO.Treinador (NrFederacao, ClubeTreinado) values (517, 'Calvao');
insert into PROJETO.Treinador (NrFederacao, ClubeTreinado) values (518, 'CRAC');
insert into PROJETO.Treinador (NrFederacao, ClubeTreinado) values (519, 'Sporting Clube de Fermentelos ');
insert into PROJETO.Treinador (NrFederacao, ClubeTreinado) values (520, 'Sporting Clube Vista Alegre');
insert into PROJETO.Treinador (NrFederacao, ClubeTreinado) values (521, 'Grupo Desportivo Santa Cruz de Alvarenga');
insert into PROJETO.Treinador (NrFederacao, ClubeTreinado) values (522, 'LAAC');
insert into PROJETO.Treinador (NrFederacao, ClubeTreinado) values (523, 'Clube Desportivo de Pacos de Brandao');
insert into PROJETO.Treinador (NrFederacao, ClubeTreinado) values (524, 'Associacao Desportiva Valecambrense');
insert into PROJETO.Treinador (NrFederacao, ClubeTreinado) values (525, 'Futebol Clube Macieirense');
insert into PROJETO.Treinador (NrFederacao, ClubeTreinado) values (526, 'Mansores');
insert into PROJETO.Treinador (NrFederacao, ClubeTreinado) values (527, 'UD Mourisquense');
insert into PROJETO.Treinador (NrFederacao, ClubeTreinado) values (528, 'Sao Roque');
insert into PROJETO.Treinador (NrFederacao, ClubeTreinado) values (529, 'Argoncilhe');
insert into PROJETO.Treinador (NrFederacao, ClubeTreinado) values (530, 'CR Antes');
insert into PROJETO.Treinador (NrFederacao, ClubeTreinado) values (531, 'Pinheirense');
insert into PROJETO.Treinador (NrFederacao, ClubeTreinado) values (532, 'Arrifanense');
insert into PROJETO.Treinador (NrFederacao, ClubeTreinado) values (533, 'ACRD Mosteiro');
insert into PROJETO.Treinador (NrFederacao, ClubeTreinado) values (534, 'EF Rui Dolores');
insert into PROJETO.Treinador (NrFederacao, ClubeTreinado) values (535, 'Calvao');
insert into PROJETO.Treinador (NrFederacao, ClubeTreinado) values (536, 'CRAC');
insert into PROJETO.Treinador (NrFederacao, ClubeTreinado) values (537, 'Sporting Clube de Fermentelos ');
insert into PROJETO.Treinador (NrFederacao, ClubeTreinado) values (538, 'Sporting Clube Vista Alegre');
insert into PROJETO.Treinador (NrFederacao, ClubeTreinado) values (539, 'Grupo Desportivo Santa Cruz de Alvarenga');
insert into PROJETO.Treinador (NrFederacao, ClubeTreinado) values (540, 'LAAC');
insert into PROJETO.Treinador (NrFederacao, ClubeTreinado) values (541, 'Clube Desportivo de Pacos de Brandao');
insert into PROJETO.Treinador (NrFederacao, ClubeTreinado) values (542, 'Associacao Desportiva Valecambrense');
insert into PROJETO.Treinador (NrFederacao, ClubeTreinado) values (543, 'Futebol Clube Macieirense');
insert into PROJETO.Treinador (NrFederacao, ClubeTreinado) values (544, 'Mansores');
insert into PROJETO.Treinador (NrFederacao, ClubeTreinado) values (545, 'UD Mourisquense');
insert into PROJETO.Treinador (NrFederacao, ClubeTreinado) values (546, 'Sao Roque');
insert into PROJETO.Treinador (NrFederacao, ClubeTreinado) values (547, 'Argoncilhe');
insert into PROJETO.Treinador (NrFederacao, ClubeTreinado) values (548, 'CR Antes');
insert into PROJETO.Treinador (NrFederacao, ClubeTreinado) values (549, 'Pinheirense');
insert into PROJETO.Treinador (NrFederacao, ClubeTreinado) values (550, 'Arrifanense');
insert into PROJETO.Treinador (NrFederacao, ClubeTreinado) values (551, 'ACRD Mosteiro');
insert into PROJETO.Treinador (NrFederacao, ClubeTreinado) values (552, 'EF Rui Dolores');
insert into PROJETO.Treinador (NrFederacao, ClubeTreinado) values (553, 'Calvao');
insert into PROJETO.Treinador (NrFederacao, ClubeTreinado) values (554, 'CRAC');
insert into PROJETO.Treinador (NrFederacao, ClubeTreinado) values (555, NULL);
insert into PROJETO.Treinador (NrFederacao, ClubeTreinado) values (556, NULL);
insert into PROJETO.Treinador (NrFederacao, ClubeTreinado) values (557, NULL);
insert into PROJETO.Treinador (NrFederacao, ClubeTreinado) values (558, NULL);
insert into PROJETO.Treinador (NrFederacao, ClubeTreinado) values (559, NULL);
insert into PROJETO.Treinador (NrFederacao, ClubeTreinado) values (560, NULL);

-------------------------- Treinador Adjunto -------------------------
insert into PROJETO.TreinadorAdjunto (NrFederacao) values (519);
insert into PROJETO.TreinadorAdjunto (NrFederacao) values (520);
insert into PROJETO.TreinadorAdjunto (NrFederacao) values (521);
insert into PROJETO.TreinadorAdjunto (NrFederacao) values (522);
insert into PROJETO.TreinadorAdjunto (NrFederacao) values (523);
insert into PROJETO.TreinadorAdjunto (NrFederacao) values (524);
insert into PROJETO.TreinadorAdjunto (NrFederacao) values (525);
insert into PROJETO.TreinadorAdjunto (NrFederacao) values (526);
insert into PROJETO.TreinadorAdjunto (NrFederacao) values (527);
insert into PROJETO.TreinadorAdjunto (NrFederacao) values (528);
insert into PROJETO.TreinadorAdjunto (NrFederacao) values (529);
insert into PROJETO.TreinadorAdjunto (NrFederacao) values (530);
insert into PROJETO.TreinadorAdjunto (NrFederacao) values (531);
insert into PROJETO.TreinadorAdjunto (NrFederacao) values (532);
insert into PROJETO.TreinadorAdjunto (NrFederacao) values (533);
insert into PROJETO.TreinadorAdjunto (NrFederacao) values (534);
insert into PROJETO.TreinadorAdjunto (NrFederacao) values (535);
insert into PROJETO.TreinadorAdjunto (NrFederacao) values (536);


------------- Treinador de Guarda Redes --------------------

insert into PROJETO.TreinadorGuardaRedes (NrFederacao) values (537);
insert into PROJETO.TreinadorGuardaRedes (NrFederacao) values (538);
insert into PROJETO.TreinadorGuardaRedes (NrFederacao) values (539);
insert into PROJETO.TreinadorGuardaRedes (NrFederacao) values (540);
insert into PROJETO.TreinadorGuardaRedes (NrFederacao) values (541);
insert into PROJETO.TreinadorGuardaRedes (NrFederacao) values (542);
insert into PROJETO.TreinadorGuardaRedes (NrFederacao) values (543);
insert into PROJETO.TreinadorGuardaRedes (NrFederacao) values (544);
insert into PROJETO.TreinadorGuardaRedes (NrFederacao) values (545);
insert into PROJETO.TreinadorGuardaRedes (NrFederacao) values (546);
insert into PROJETO.TreinadorGuardaRedes (NrFederacao) values (547);
insert into PROJETO.TreinadorGuardaRedes (NrFederacao) values (548);
insert into PROJETO.TreinadorGuardaRedes (NrFederacao) values (549);
insert into PROJETO.TreinadorGuardaRedes (NrFederacao) values (550);
insert into PROJETO.TreinadorGuardaRedes (NrFederacao) values (551);
insert into PROJETO.TreinadorGuardaRedes (NrFederacao) values (552);
insert into PROJETO.TreinadorGuardaRedes (NrFederacao) values (553);
insert into PROJETO.TreinadorGuardaRedes (NrFederacao) values (554);


---------------------- Treinador Principal -------------------------

insert into PROJETO.TreinadorPrincipal (NrFederacao, TaticaPreferida) values (501, '4-3-3');
insert into PROJETO.TreinadorPrincipal (NrFederacao, TaticaPreferida) values (502, '4-5-1');
insert into PROJETO.TreinadorPrincipal (NrFederacao, TaticaPreferida) values (503, '3-4-2-1');
insert into PROJETO.TreinadorPrincipal (NrFederacao, TaticaPreferida) values (504, '3-2-2-3');
insert into PROJETO.TreinadorPrincipal (NrFederacao, TaticaPreferida) values (505, '3-4-2-1');
insert into PROJETO.TreinadorPrincipal (NrFederacao, TaticaPreferida) values (506, '3-4-2-1');
insert into PROJETO.TreinadorPrincipal (NrFederacao, TaticaPreferida) values (507, '3-2-2-3');
insert into PROJETO.TreinadorPrincipal (NrFederacao, TaticaPreferida) values (508, '3-4-3');
insert into PROJETO.TreinadorPrincipal (NrFederacao, TaticaPreferida) values (509, '4-3-3');
insert into PROJETO.TreinadorPrincipal (NrFederacao, TaticaPreferida) values (510, '4-4-2');
insert into PROJETO.TreinadorPrincipal (NrFederacao, TaticaPreferida) values (511, '4-2-2-2');
insert into PROJETO.TreinadorPrincipal (NrFederacao, TaticaPreferida) values (512, '4-4-2');
insert into PROJETO.TreinadorPrincipal (NrFederacao, TaticaPreferida) values (513, '3-4-2-1');
insert into PROJETO.TreinadorPrincipal (NrFederacao, TaticaPreferida) values (514, '4-5-1');
insert into PROJETO.TreinadorPrincipal (NrFederacao, TaticaPreferida) values (515, '3-4-3');
insert into PROJETO.TreinadorPrincipal (NrFederacao, TaticaPreferida) values (516, '3-4-2-1');
insert into PROJETO.TreinadorPrincipal (NrFederacao, TaticaPreferida) values (517, '4-2-2-2');
insert into PROJETO.TreinadorPrincipal (NrFederacao, TaticaPreferida) values (518, '3-4-3');
insert into PROJETO.TreinadorPrincipal (NrFederacao, TaticaPreferida) values (555, '3-2-2-3');
insert into PROJETO.TreinadorPrincipal (NrFederacao, TaticaPreferida) values (556, '3-4-2-1');
insert into PROJETO.TreinadorPrincipal (NrFederacao, TaticaPreferida) values (557, '3-4-2-1');
insert into PROJETO.TreinadorPrincipal (NrFederacao, TaticaPreferida) values (558, '4-2-2-2');
insert into PROJETO.TreinadorPrincipal (NrFederacao, TaticaPreferida) values (559, '3-4-2-1');
insert into PROJETO.TreinadorPrincipal (NrFederacao, TaticaPreferida) values (560, '4-2-2-2');


----------------------- TREINADOR SUBSTITUI --------------------------------------

insert into PROJETO.TreinadorSubstitui (id,TreinadorEntra, TreinadorSai, Clube, DataSubstituicao) values (1,558, 508, 'Sao Roque', '2019/07/11');
insert into PROJETO.TreinadorSubstitui (id,TreinadorEntra, TreinadorSai, Clube, DataSubstituicao) values (2,557, 555, 'Sporting Clube Vista Alegre', '2020/02/18');
insert into PROJETO.TreinadorSubstitui (id,TreinadorEntra, TreinadorSai, Clube, DataSubstituicao) values (3,555, 559, 'Pinheirense', '2020/04/20');
insert into PROJETO.TreinadorSubstitui (id,TreinadorEntra, TreinadorSai, Clube, DataSubstituicao) values (4,512, 514, 'CRAC', '2019/12/08');
insert into PROJETO.TreinadorSubstitui (id,TreinadorEntra, TreinadorSai, Clube, DataSubstituicao) values (5,507, 557, 'UD Mourisquense', '2019/10/07');
insert into PROJETO.TreinadorSubstitui (id,TreinadorEntra, TreinadorSai, Clube, DataSubstituicao) values (6,555, 556, 'Sporting Clube Vista Alegre', '2019/06/08');
insert into PROJETO.TreinadorSubstitui (id,TreinadorEntra, TreinadorSai, Clube, DataSubstituicao) values (7,508, 506, 'Sporting Clube de Fermentelos ', '2020/03/26');
insert into PROJETO.TreinadorSubstitui (id,TreinadorEntra, TreinadorSai, Clube, DataSubstituicao) values (8,555, 514, 'Clube Desportivo de Pacos de Brandao', '2020/01/29');
insert into PROJETO.TreinadorSubstitui (id,TreinadorEntra, TreinadorSai, Clube, DataSubstituicao) values (9,517, 509, 'Sporting Clube Vista Alegre', '2020/01/17');
insert into PROJETO.TreinadorSubstitui (id,TreinadorEntra, TreinadorSai, Clube, DataSubstituicao) values (10,501, 512, 'Sporting Clube de Fermentelos ', '2019/09/04');
insert into PROJETO.TreinadorSubstitui (id,TreinadorEntra, TreinadorSai, Clube, DataSubstituicao) values (11,508, 512, 'UD Mourisquense', '2019/05/27');
insert into PROJETO.TreinadorSubstitui (id,TreinadorEntra, TreinadorSai, Clube, DataSubstituicao) values (12,511, 514, 'Grupo Desportivo Santa Cruz de Alvarenga', '2020/03/19');
insert into PROJETO.TreinadorSubstitui (id,TreinadorEntra, TreinadorSai, Clube, DataSubstituicao) values (13,512, 557, 'Calvao', '2019/10/21');
insert into PROJETO.TreinadorSubstitui (id,TreinadorEntra, TreinadorSai, Clube, DataSubstituicao) values (14,510, 556, 'EF Rui Dolores', '2019/08/09');
insert into PROJETO.TreinadorSubstitui (id,TreinadorEntra, TreinadorSai, Clube, DataSubstituicao) values (15,506, 557, 'Pinheirense', '2020/04/22');
insert into PROJETO.TreinadorSubstitui (id,TreinadorEntra, TreinadorSai, Clube, DataSubstituicao) values (16,506, 502, 'Grupo Desportivo Santa Cruz de Alvarenga', '2019/12/03');
insert into PROJETO.TreinadorSubstitui (id,TreinadorEntra, TreinadorSai, Clube, DataSubstituicao) values (17,504, 560, 'Mansores', '2020/01/22');



---------------------------- EQUIPA VENCE -------------------------------------
insert into PROJETO.Vence (Pontos, ClubeVencedor, AnoEpoca) values (57, 'Sporting Clube de Fermentelos ', 1999);
insert into PROJETO.Vence (Pontos, ClubeVencedor, AnoEpoca) values (68, 'Sporting Clube Vista Alegre', 2000);
insert into PROJETO.Vence (Pontos, ClubeVencedor, AnoEpoca) values (53, 'Grupo Desportivo Santa Cruz de Alvarenga', 2001);
insert into PROJETO.Vence (Pontos, ClubeVencedor, AnoEpoca) values (99, 'LAAC', 2002);
insert into PROJETO.Vence (Pontos, ClubeVencedor, AnoEpoca) values (63, 'Clube Desportivo de Pacos de Brandao', 2003);
insert into PROJETO.Vence (Pontos, ClubeVencedor, AnoEpoca) values (59, 'Associacao Desportiva Valecambrense', 2004);
insert into PROJETO.Vence (Pontos, ClubeVencedor, AnoEpoca) values (85, 'Futebol Clube Macieirense', 2005);
insert into PROJETO.Vence (Pontos, ClubeVencedor, AnoEpoca) values (29, 'Mansores', 2006);
insert into PROJETO.Vence (Pontos, ClubeVencedor, AnoEpoca) values (47, 'UD Mourisquense', 2007);
insert into PROJETO.Vence (Pontos, ClubeVencedor, AnoEpoca) values (64, 'Sao Roque', 2008);
insert into PROJETO.Vence (Pontos, ClubeVencedor, AnoEpoca) values (100, 'Argoncilhe', 2009);
insert into PROJETO.Vence (Pontos, ClubeVencedor, AnoEpoca) values (74, 'CR Antes', 2010);
insert into PROJETO.Vence (Pontos, ClubeVencedor, AnoEpoca) values (23, 'Pinheirense', 2011);
insert into PROJETO.Vence (Pontos, ClubeVencedor, AnoEpoca) values (70, 'Arrifanense', 2012);
insert into PROJETO.Vence (Pontos, ClubeVencedor, AnoEpoca) values (28, 'ACRD Mosteiro', 2013);
insert into PROJETO.Vence (Pontos, ClubeVencedor, AnoEpoca) values (75, 'EF Rui Dolores', 2014);
insert into PROJETO.Vence (Pontos, ClubeVencedor, AnoEpoca) values (60, 'Calvao', 2015);
insert into PROJETO.Vence (Pontos, ClubeVencedor, AnoEpoca) values (24, 'CRAC', 2016);
insert into PROJETO.Vence (Pontos, ClubeVencedor, AnoEpoca) values (37, 'Sporting Clube de Fermentelos ', 2017);
insert into PROJETO.Vence (Pontos, ClubeVencedor, AnoEpoca) values (38, 'Sporting Clube Vista Alegre', 2018);
insert into PROJETO.Vence (Pontos, ClubeVencedor, AnoEpoca) values (62, 'Grupo Desportivo Santa Cruz de Alvarenga', 2019);
insert into PROJETO.Vence (Pontos, ClubeVencedor, AnoEpoca) values (91, 'LAAC', 2020);



